Competition ID,Personal,Theme,Disc_ID,User_ID,Created At time,Created At Year,Created At Month,Created At Day_of_month
GeneralDiscussion,1,,ID_0BK7TH,ID_B66PZQQP,19:48:26.862175,1,12,27
GeneralDiscussion,1,,ID_ZFJ9J7,ID_5Y4QLJNC,09:37:52.039526,1,12,20
GeneralDiscussion,1,,ID_ME45XX,ID_CQ02RGX8,17:50:33.894800,1,2,9
ID_WOVD,1,,ID_T2Q4GB,ID_CQ02RGX8,07:57:55.178845,1,2,10
GeneralDiscussion,1,,ID_251XVV,ID_XICHYIPJ,19:56:13.041893,1,12,27
ID_BARV,0,,ID_I1N4XA,ID_L8X1PI8V,18:20:26.568254,1,2,29
GeneralDiscussion,1,,ID_KRR1FO,ID_L8X1PI8V,00:30:29.783050,1,3,15
GeneralDiscussion,1,,ID_SFYWJ9,ID_L8X1PI8V,01:46:27.612805,1,3,15
GeneralDiscussion,1,,ID_84L6U3,ID_O4YD34RM,05:40:35.086345,1,2,9
ID_M7TY,0,4.0,ID_PD5HBX,ID_O4YD34RM,01:50:18.523584,1,1,3
ID_9TS1,1,,ID_2P7FO6,ID_O4YD34RM,07:06:12.169921,1,2,18
ID_LSIO,1,,ID_GLL27Y,ID_O4YD34RM,17:55:02.333957,1,3,29
ID_M7TY,0,4.0,ID_HU48UN,ID_O4YD34RM,00:12:04.209496,1,1,3
ID_BARV,0,4.0,ID_7CGLJS,ID_O4YD34RM,05:09:45.654428,1,12,23
ID_9TS1,0,1.0,ID_PTU0JO,ID_O4YD34RM,16:16:40.333317,1,2,17
GeneralDiscussion,1,,ID_W6QBOD,ID_O4YD34RM,18:38:44.100793,1,2,8
GeneralDiscussion,1,,ID_B643LM,ID_O4YD34RM,01:33:59.487090,1,2,16
GeneralDiscussion,1,,ID_US6YHI,ID_O4YD34RM,14:17:29.263011,1,3,29
ID_BARV,0,1.0,ID_MN58XG,ID_O4YD34RM,18:51:04.182685,1,12,19
GeneralDiscussion,1,,ID_64GYOE,ID_O4YD34RM,11:15:01.933357,1,2,31
GeneralDiscussion,1,,ID_L7F9EJ,ID_O4YD34RM,17:54:31.265634,1,12,19
ID_BARV,0,4.0,ID_Q9WT9E,ID_O4YD34RM,16:02:43.788440,1,12,23
GeneralDiscussion,1,,ID_NTYKQL,ID_O4YD34RM,04:20:33.569274,1,2,9
GeneralDiscussion,1,,ID_1QUBHR,ID_O4YD34RM,04:23:11.949158,1,2,9
GeneralDiscussion,1,,ID_M959X4,ID_O4YD34RM,22:24:44.320109,1,2,9
GeneralDiscussion,1,,ID_2VJEAH,ID_O4YD34RM,14:43:26.173657,1,2,9
GeneralDiscussion,1,,ID_C92A7T,ID_O4YD34RM,15:29:16.391943,1,2,9
GeneralDiscussion,1,,ID_V93ZK6,ID_O4YD34RM,14:33:38.306855,1,3,1
ID_6TM0,0,1.0,ID_8W4ZG5,ID_O4YD34RM,13:23:28.763053,1,1,3
ID_9TS1,0,3.0,ID_V8QUAX,ID_O4YD34RM,23:08:28.053523,1,2,13
GeneralDiscussion,1,,ID_3BAUHP,ID_0LWQN3KR,20:25:11.204001,1,12,27
GeneralDiscussion,1,,ID_PGDNKC,ID_U066R2NV,22:49:39.027702,1,2,31
GeneralDiscussion,1,,ID_YIEKM3,ID_L598R34Z,16:01:24.634990,1,1,3
GeneralDiscussion,1,,ID_CXH4NK,ID_V3IBESPE,13:29:35.793235,1,2,29
GeneralDiscussion,1,,ID_31S9U5,ID_81WN4P1Z,06:04:11.094345,1,1,14
GeneralDiscussion,1,,ID_6UQNIP,ID_B78HSQ31,15:55:37.184387,1,2,20
GeneralDiscussion,1,,ID_W8S6VR,ID_B78HSQ31,15:46:02.756378,1,2,20
GeneralDiscussion,1,,ID_QEAGYD,ID_OA41UXQS,04:53:20.593903,1,12,17
GeneralDiscussion,1,,ID_FBNTFO,ID_OA41UXQS,04:48:18.723879,1,12,17
GeneralDiscussion,1,,ID_YMSWUM,ID_OA41UXQS,04:54:25.197713,1,12,17
GeneralDiscussion,1,,ID_20J0L7,ID_OA41UXQS,04:33:47.536192,1,12,26
GeneralDiscussion,1,,ID_JDLK1F,ID_CA3H0W7V,05:57:02.164837,1,1,14
ID_KHED,0,5.0,ID_HCK8LS,ID_CA3H0W7V,06:04:46.506030,1,1,14
ID_KHED,0,,ID_APA2CQ,ID_CA3H0W7V,16:30:54.806741,1,2,5
ID_KHED,0,5.0,ID_AKB5P4,ID_CA3H0W7V,17:11:14.782633,1,12,31
GeneralDiscussion,1,,ID_QWFTLR,ID_7O195V5H,07:02:26.706182,1,4,6
GeneralDiscussion,1,5.0,ID_UIENHQ,ID_Y0JQGSS4,10:45:18.693431,1,3,13
ID_8B8I,0,,ID_QOAUTT,ID_NHN6HVOQ,21:39:08.787572,1,3,29
GeneralDiscussion,1,,ID_ZJ44Q3,ID_072I4R1H,09:14:40.964195,1,2,8
ID_BARV,0,,ID_9IAIP0,ID_072I4R1H,21:22:33.145372,1,2,7
ID_WOVD,0,,ID_TI5F41,ID_BIE310X9,09:23:04.937397,1,2,8
GeneralDiscussion,1,,ID_E532JP,ID_T0VN0HUC,18:09:08.659357,1,2,29
ID_X2AS,0,5.0,ID_Z9OZY4,ID_T0VN0HUC,14:01:41.206182,1,2,29
GeneralDiscussion,1,,ID_R1SQ64,ID_2L8ZSAI8,10:27:53.881313,1,12,28
ID_BARV,1,,ID_4J1N41,ID_JAE7VEL1,06:11:15.327132,1,1,14
GeneralDiscussion,1,,ID_WQSX5G,ID_FXV1AHBF,10:54:01.489955,1,12,28
GeneralDiscussion,1,,ID_KAPDLO,ID_2YYMSJ79,11:09:31.333212,1,12,28
ID_KHED,0,,ID_HH6MVK,ID_BE3XDZVO,13:17:31.956448,1,1,1
GeneralDiscussion,1,,ID_L97II7,ID_BE3XDZVO,20:59:40.263617,1,2,2
GeneralDiscussion,1,,ID_2Z80EE,ID_0P00E1SA,20:52:42.503249,1,1,8
GeneralDiscussion,1,,ID_AEUTIM,ID_0P00E1SA,10:29:07.312394,1,1,8
GeneralDiscussion,1,,ID_JZVL3B,ID_0P00E1SA,06:02:24.955349,1,1,13
ID_KHED,0,,ID_2X2S5N,ID_0P00E1SA,10:32:47.356771,1,1,8
GeneralDiscussion,1,,ID_JJYQP8,ID_0P00E1SA,19:57:21.937716,1,4,1
GeneralDiscussion,1,,ID_59487K,ID_0P00E1SA,20:54:01.603470,1,1,8
GeneralDiscussion,1,,ID_EILIHQ,ID_0P00E1SA,06:06:17.182560,1,1,13
GeneralDiscussion,1,,ID_AS51A3,ID_0P00E1SA,06:00:13.366132,1,1,13
GeneralDiscussion,1,,ID_C4WBXL,ID_2FKUWCWT,19:51:47.513193,1,3,5
GeneralDiscussion,0,,ID_LIANNE,ID_2FKUWCWT,16:20:16.064929,1,3,5
ID_0D02,1,,ID_94K3R0,ID_RB0UZ5HG,09:30:25.093232,1,12,2
GeneralDiscussion,1,,ID_QQL3KK,ID_RB0UZ5HG,16:55:38.279193,1,2,17
ID_BARV,1,,ID_AB7CQK,ID_RB0UZ5HG,20:06:18.148701,1,12,21
ID_MN35,1,,ID_ZPDXTN,ID_RB0UZ5HG,06:04:13.939672,1,1,18
ID_PDKH,1,,ID_986SOC,ID_RB0UZ5HG,19:34:00.969387,1,2,22
ID_PB3Q,1,,ID_142Q05,ID_RB0UZ5HG,07:03:02.179913,1,2,30
GeneralDiscussion,1,,ID_4P2ASI,ID_RB0UZ5HG,17:06:12.239815,1,12,1
ID_M7TY,1,,ID_2FBR9W,ID_RB0UZ5HG,18:20:43.387168,1,1,2
GeneralDiscussion,1,,ID_3PZ2JJ,ID_15VXDAKY,12:24:50.328094,1,12,28
ID_PDKH,0,3.0,ID_SLAAC3,ID_FWKDRSMO,09:49:54.860790,1,2,12
GeneralDiscussion,1,,ID_IPBUXC,ID_0D9L90MZ,12:53:53.847303,1,12,28
GeneralDiscussion,1,,ID_2GH1LQ,ID_LOBX7A0Y,16:26:15.619428,1,1,3
ID_KHED,0,,ID_58ZJYY,ID_LOBX7A0Y,19:55:38.862530,1,12,29
ID_5KD8,0,,ID_CRTXT8,ID_4LG0X3AD,12:27:05.532697,1,3,18
GeneralDiscussion,1,,ID_WKQ18Q,ID_CN0SXP42,12:21:01.434911,1,3,18
GeneralDiscussion,1,,ID_9LUP4G,ID_WHRIPU4W,12:20:01.401729,1,3,18
GeneralDiscussion,0,5.0,ID_THG8U8,ID_AO64V5O9,06:12:53.150632,1,11,29
GeneralDiscussion,1,,ID_7APY1T,ID_2ZWHX012,19:35:58.362050,1,2,22
ID_KGUF,0,,ID_T8AOPF,ID_30S8RM8H,20:45:33.084061,1,12,27
GeneralDiscussion,1,,ID_98FOVD,ID_30S8RM8H,20:47:01.905520,1,12,27
GeneralDiscussion,1,,ID_NV0K36,ID_VYHTGB9I,23:43:59.140447,1,3,29
GeneralDiscussion,1,,ID_74EDZQ,ID_12FO8SCI,20:55:59.358020,1,12,27
ID_KHED,0,5.0,ID_GYIFLV,ID_12FO8SCI,13:51:16.636884,1,1,4
GeneralDiscussion,1,,ID_XHO1YD,ID_VRB1GYQH,17:43:43.578646,1,12,26
GeneralDiscussion,1,,ID_RIE956,ID_PJG9TFVX,10:32:48.717444,1,2,8
GeneralDiscussion,1,,ID_GOFXWB,ID_1NBMRKY1,21:10:46.314235,1,3,5
GeneralDiscussion,1,,ID_SCKJJU,ID_2YLI42QV,10:45:31.132188,1,2,24
ID_PDKH,1,,ID_HMC73D,ID_2YLI42QV,05:25:46.283243,1,2,25
GeneralDiscussion,1,,ID_0HALDH,ID_TSK4LKUJ,19:13:05.792535,1,2,30
ID_X2AS,1,,ID_GE886L,ID_GXDAKY69,20:20:14.302717,1,3,5
GeneralDiscussion,1,,ID_K4ASB0,ID_1UU3KY2H,21:19:02.292148,1,2,30
ID_X2AS,1,,ID_J551UA,ID_AIPSTXGT,20:45:40.213958,1,3,5
ID_X2AS,0,1.0,ID_MBYZNX,ID_AIPSTXGT,10:42:17.755367,1,3,6
GeneralDiscussion,1,,ID_26VGPT,ID_AIPSTXGT,14:30:59.535510,1,3,7
ID_X2AS,1,,ID_V6CK6K,ID_U2YF3N1U,20:42:32.528714,1,3,5
ID_X2AS,0,1.0,ID_VYBIPN,ID_U2YF3N1U,22:04:42.837115,1,3,5
GeneralDiscussion,1,,ID_8EUAU7,ID_UQ2XW8C4,06:09:18.007330,1,2,18
GeneralDiscussion,1,,ID_WT27PT,ID_984H1ZSN,08:56:56.694448,1,2,4
GeneralDiscussion,1,,ID_5VQNSN,ID_CSGU5FXN,15:57:41.659584,1,2,27
GeneralDiscussion,0,1.0,ID_AK9OGJ,ID_ND9FQ1E1,07:13:04.296241,1,3,19
GeneralDiscussion,1,,ID_BFSLY0,ID_X06JXW3L,16:20:15.142277,1,2,27
GeneralDiscussion,1,,ID_K408FM,ID_BAGNX46O,09:35:46.128355,1,2,4
GeneralDiscussion,1,,ID_DOYSWC,ID_BAGNX46O,09:32:37.260406,1,2,4
ID_KHED,0,1.0,ID_AW3LDX,ID_BAGNX46O,07:25:20.962819,1,1,11
GeneralDiscussion,1,,ID_M18F8U,ID_ZDH6J9RY,16:12:52.249479,1,2,27
ID_WOVD,0,5.0,ID_TM4FTO,ID_U9EDMSI5,13:14:36.299966,1,2,8
GeneralDiscussion,1,,ID_99K63A,ID_W6V9WHM1,08:10:17.886166,1,2,21
GeneralDiscussion,1,,ID_QUESUV,ID_4Q0XSF0J,06:24:30.893401,1,2,21
ID_PDKH,0,5.0,ID_8IZP6W,ID_4Q0XSF0J,17:43:38.888976,1,3,13
GeneralDiscussion,1,,ID_6EYWEJ,ID_4Q0XSF0J,08:16:23.299528,1,2,21
GeneralDiscussion,1,,ID_U348F5,ID_5OXIICHL,16:15:46.043416,1,2,27
GeneralDiscussion,1,,ID_8VVK2M,ID_I2RFWZPY,16:24:14.976401,1,2,27
GeneralDiscussion,1,,ID_JJ0YLR,ID_A1XQ826A,22:30:12.640876,1,12,31
GeneralDiscussion,1,,ID_9W2PF1,ID_A1XQ826A,10:30:31.637980,1,12,28
GeneralDiscussion,1,,ID_G0BQ4X,ID_3BFTRQQD,13:52:00.920944,1,1,19
GeneralDiscussion,1,,ID_KFXEG3,ID_EYW2NHKQ,10:15:23.229130,1,12,20
GeneralDiscussion,1,,ID_NRH1ZE,ID_205FFGBB,09:07:00.550046,1,11,29
GeneralDiscussion,1,,ID_K13BIY,ID_NC6RJDD2,15:46:00.695438,1,2,31
GeneralDiscussion,1,,ID_O2PSYS,ID_NC6RJDD2,00:50:57.847578,1,2,30
GeneralDiscussion,1,,ID_53N5AC,ID_OYKT3RUX,18:18:26.727561,1,2,29
ID_X2AS,0,5.0,ID_0X3QVG,ID_OYKT3RUX,14:21:59.114545,1,2,26
GeneralDiscussion,1,,ID_IV6KCR,ID_OYKT3RUX,18:10:02.011408,1,2,29
GeneralDiscussion,1,,ID_CKBQG9,ID_OYKT3RUX,18:13:19.959616,1,2,29
ID_X2AS,0,5.0,ID_MZYCFF,ID_OYKT3RUX,17:49:21.736658,1,2,28
GeneralDiscussion,1,,ID_O1FN5P,ID_MNNLBYWK,04:43:19.555450,1,1,1
ID_KHED,0,1.0,ID_4SMNB8,ID_MNNLBYWK,11:33:34.489521,1,1,14
ID_X2AS,1,,ID_FGGV7Q,ID_DPVEP2YC,19:48:59.113034,1,3,5
GeneralDiscussion,1,,ID_NURYH7,ID_6SU712K3,12:23:40.267683,1,3,18
GeneralDiscussion,1,,ID_C3FIOD,ID_PVNCYY0S,16:59:39.354783,1,2,25
GeneralDiscussion,1,,ID_LT2X16,ID_ZDW5GJIF,09:16:45.541447,1,1,24
GeneralDiscussion,1,,ID_Q7G5U7,ID_MMS791AZ,22:48:00.967514,1,11,21
GeneralDiscussion,1,,ID_3Q7K6A,ID_VG8GS5X5,13:53:57.041811,1,12,28
ID_KHED,0,5.0,ID_94NNE2,ID_VG8GS5X5,09:41:17.652965,1,1,29
GeneralDiscussion,1,,ID_YMYJAH,ID_IP29ZVIY,20:55:02.536090,1,1,8
GeneralDiscussion,1,,ID_RB0FS0,ID_DBNMAIB3,14:17:21.903347,1,12,28
GeneralDiscussion,1,,ID_BXJWWN,ID_DBNMAIB3,14:15:45.368771,1,12,28
GeneralDiscussion,1,,ID_E89WGQ,ID_5C1905Z5,14:00:57.935065,1,12,28
GeneralDiscussion,1,,ID_PX7IHA,ID_6LWDJ1K1,13:59:05.776718,1,12,28
GeneralDiscussion,1,,ID_PBQRA0,ID_6LWDJ1K1,07:51:07.833695,1,12,29
GeneralDiscussion,1,,ID_BPD2TQ,ID_LLV1IGXO,10:53:04.347415,1,1,22
ID_KHED,0,,ID_5BO6YF,ID_EPQN1ORZ,14:34:00.929801,1,1,9
GeneralDiscussion,1,,ID_R28F4G,ID_EPQN1ORZ,10:48:10.389546,1,1,9
GeneralDiscussion,1,,ID_WUOQNM,ID_7LX8L3JH,11:16:38.552817,1,1,14
GeneralDiscussion,1,,ID_FTU67D,ID_MUA7K41C,09:37:41.091250,1,12,28
ID_MN35,0,3.0,ID_7QVAM1,ID_IY7TGWRC,13:46:35.817547,1,1,7
ID_KHED,0,,ID_QV5GLL,ID_3HT76PL7,13:48:18.506083,1,1,7
GeneralDiscussion,1,,ID_321B4K,ID_WFW0UOAF,04:25:58.431488,1,1,3
GeneralDiscussion,1,,ID_OA0AYB,ID_MNUN0Q5A,18:58:15.376752,1,11,24
ID_0D02,1,,ID_QRB7F0,ID_MNUN0Q5A,09:17:36.734351,1,12,17
ID_X2AS,1,,ID_WKIG4M,ID_0DNUH0B8,10:25:55.873444,1,2,26
GeneralDiscussion,1,,ID_J9QTZC,ID_0DNUH0B8,19:17:00.939924,1,2,25
GeneralDiscussion,1,,ID_P7CWJP,ID_0DNUH0B8,19:40:01.332155,1,2,25
ID_X2AS,0,5.0,ID_X83804,ID_0DNUH0B8,18:17:37.654008,1,2,22
ID_KHED,0,,ID_D3TSFE,ID_8EEHS0G3,14:53:54.359281,1,12,28
ID_X2AS,0,,ID_2WDVIH,ID_8EEHS0G3,06:24:21.009735,1,2,31
GeneralDiscussion,0,5.0,ID_QFKZ49,ID_IBY47CGH,22:21:41.519411,1,2,19
GeneralDiscussion,1,,ID_9XXIWB,ID_5MJ83CX6,10:19:26.190643,1,12,24
GeneralDiscussion,1,,ID_0SRZUS,ID_7FFOQW2D,13:40:28.697829,1,3,18
GeneralDiscussion,1,,ID_EF9GS4,ID_U8T4OI1U,20:26:19.152228,1,12,30
GeneralDiscussion,1,,ID_EPV8YI,ID_CA2R2TK1,17:43:51.202820,1,12,28
GeneralDiscussion,1,,ID_1H5VOM,ID_REI75O0D,19:45:38.619729,1,12,28
GeneralDiscussion,1,,ID_SA5EGL,ID_AB2JXM75,07:48:06.080544,1,3,6
GeneralDiscussion,1,,ID_08EOS3,ID_7RXY4KJX,16:12:39.806073,1,4,13
GeneralDiscussion,1,,ID_OC82ES,ID_4CGZBNHS,17:13:21.507361,1,12,29
GeneralDiscussion,1,,ID_KP3ONG,ID_4CGZBNHS,17:26:30.934188,1,12,29
GeneralDiscussion,1,,ID_FDTJDW,ID_BMX5Y4Q7,11:17:14.445380,1,2,13
GeneralDiscussion,1,,ID_EROPQF,ID_1F1NB6K8,13:27:44.519552,1,2,7
ID_BARV,0,3.0,ID_T0LWGA,ID_1F1NB6K8,13:18:44.746841,1,2,24
GeneralDiscussion,1,,ID_J77W53,ID_1F1NB6K8,18:39:14.486043,1,2,10
GeneralDiscussion,1,,ID_KFBRFM,ID_WDWKNP9P,09:09:32.865029,1,1,1
GeneralDiscussion,0,,ID_VXZRCY,ID_DUWVX6ZY,03:50:34.867356,1,12,11
GeneralDiscussion,1,,ID_44A4B0,ID_ATXB4Q6J,15:26:44.431037,1,3,18
GeneralDiscussion,1,,ID_TLVS7C,ID_25U0J1Q7,10:54:04.282176,1,1,14
GeneralDiscussion,1,,ID_3GUC4O,ID_25U0J1Q7,10:50:03.056215,1,1,14
ID_KHED,0,1.0,ID_AH4VQS,ID_25U0J1Q7,16:25:05.821891,1,1,24
GeneralDiscussion,1,,ID_ZA9MCQ,ID_FIFE33QN,15:50:50.435105,1,12,31
GeneralDiscussion,1,,ID_LXGSOH,ID_4P1ODX79,14:06:24.633442,1,12,20
GeneralDiscussion,1,,ID_RVM2L5,ID_YFOTGN7X,01:32:24.148813,1,3,30
GeneralDiscussion,1,,ID_H4MLSR,ID_RBBT3TQP,00:41:08.195780,1,2,30
ID_X2AS,0,5.0,ID_3F0OUM,ID_RBBT3TQP,11:13:40.316980,1,2,29
GeneralDiscussion,1,,ID_5Z8HQT,ID_PWPMNN0O,15:53:39.882106,1,12,30
GeneralDiscussion,1,,ID_ATGK5I,ID_PWPMNN0O,16:29:03.568422,1,12,31
GeneralDiscussion,1,,ID_NPR0A6,ID_YBKATRP2,12:29:13.614760,1,3,31
GeneralDiscussion,1,,ID_NEHEXW,ID_KZIFH3YW,19:55:40.478375,1,2,27
GeneralDiscussion,1,,ID_H6EP5X,ID_9R69C9YA,21:54:38.950412,1,1,15
GeneralDiscussion,1,,ID_7Y9EXH,ID_9R69C9YA,21:46:59.125376,1,1,15
ID_KHED,0,1.0,ID_DN6KQB,ID_VDWD69H9,10:32:37.036929,1,1,14
GeneralDiscussion,1,,ID_HVTQ97,ID_VDWD69H9,20:50:01.351364,1,1,4
GeneralDiscussion,1,,ID_ZT5DMO,ID_C46K391T,11:54:40.590824,1,1,24
ID_KHED,0,1.0,ID_1UMM6C,ID_G79FMOA2,10:45:49.998466,1,1,1
GeneralDiscussion,1,,ID_NH3QE0,ID_G79FMOA2,10:35:21.805910,1,1,1
GeneralDiscussion,1,,ID_04OLNM,ID_G79FMOA2,10:44:44.303650,1,1,1
GeneralDiscussion,1,,ID_24E53V,ID_G79FMOA2,06:45:47.885470,1,12,31
GeneralDiscussion,1,,ID_VFMZV5,ID_ADPUDEFI,18:54:18.276977,1,11,27
GeneralDiscussion,1,,ID_RMTRL3,ID_EOSF34M2,22:51:38.729026,1,12,28
ID_KHED,0,1.0,ID_1H146F,ID_EOSF34M2,13:23:38.512683,1,1,24
GeneralDiscussion,1,,ID_I2HWOL,ID_7G12QB1E,00:19:35.830818,1,2,24
GeneralDiscussion,1,,ID_800KHT,ID_CT14A20R,18:47:47.706916,1,1,18
GeneralDiscussion,1,,ID_T712BU,ID_GDTCG8R6,09:19:45.241292,1,1,1
ID_KHED,0,3.0,ID_HMHEL1,ID_I0C6PYN2,08:16:09.972224,1,1,9
GeneralDiscussion,1,,ID_8W0ZQY,ID_I0C6PYN2,06:50:50.258635,1,1,9
GeneralDiscussion,1,,ID_77FOZ2,ID_I0C6PYN2,18:53:15.930916,1,1,24
GeneralDiscussion,1,,ID_F3MXGS,ID_I0C6PYN2,18:58:24.650790,1,1,24
GeneralDiscussion,1,,ID_B3GFWD,ID_I0C6PYN2,19:06:19.445214,1,1,24
GeneralDiscussion,1,,ID_1AIZXU,ID_I0C6PYN2,19:16:07.188984,1,1,24
GeneralDiscussion,1,,ID_M50EXN,ID_I0C6PYN2,06:47:21.868701,1,1,9
ID_KHED,0,1.0,ID_RNGQPH,ID_I0C6PYN2,11:09:20.631033,1,1,1
ID_KHED,0,5.0,ID_XJ5NMC,ID_I0C6PYN2,07:43:08.210636,1,1,22
GeneralDiscussion,1,,ID_MY3CZO,ID_I0C6PYN2,19:01:41.805516,1,1,24
GeneralDiscussion,0,,ID_M6QBJE,ID_7MR0PKEV,12:15:06.733003,1,3,27
ID_MN35,1,,ID_EDLY21,ID_7MR0PKEV,12:21:03.091908,1,3,27
GeneralDiscussion,1,,ID_CTYP2E,ID_7MR0PKEV,11:06:36.432031,1,1,1
GeneralDiscussion,1,,ID_HAKMCV,ID_RHNHTDEZ,10:31:32.255153,1,3,2
ID_BARV,1,,ID_80QVSI,ID_6LC7MRM9,21:22:49.950323,1,2,22
GeneralDiscussion,1,,ID_C757Q3,ID_WZ6B9FWR,01:53:28.470421,1,12,29
GeneralDiscussion,1,,ID_YMO2QR,ID_75KSKBUV,22:38:41.076438,1,3,27
GeneralDiscussion,1,,ID_WRE29N,ID_V1KNQMXE,22:42:00.450347,1,3,27
GeneralDiscussion,1,,ID_K5LQIJ,ID_7M8EBFF8,22:33:18.742952,1,2,30
GeneralDiscussion,1,,ID_FD297T,ID_LGHSES75,22:05:16.948559,1,1,14
ID_KHED,0,1.0,ID_XCU029,ID_LGHSES75,21:55:15.872795,1,1,14
GeneralDiscussion,1,,ID_6FXRRN,ID_LGHSES75,22:20:30.066920,1,1,14
GeneralDiscussion,1,,ID_EGSMJE,ID_LGHSES75,22:07:59.919546,1,1,14
GeneralDiscussion,1,,ID_D8PPLY,ID_HC97CCD9,21:17:28.595472,1,2,14
ID_KHED,0,1.0,ID_KJHHD0,ID_X33P9L6V,17:02:31.625564,1,1,11
GeneralDiscussion,1,,ID_UHAZ3V,ID_X33P9L6V,23:08:02.851247,1,1,19
GeneralDiscussion,1,,ID_UCEAR3,ID_X33P9L6V,01:37:09.705343,1,3,22
GeneralDiscussion,1,,ID_2EDPPM,ID_X33P9L6V,01:34:10.054418,1,3,22
GeneralDiscussion,1,,ID_0506HD,ID_X33P9L6V,01:38:45.874220,1,3,22
GeneralDiscussion,1,,ID_H29PO4,ID_X33P9L6V,07:05:50.277866,1,2,12
GeneralDiscussion,1,,ID_6WXSSV,ID_X33P9L6V,22:16:49.610428,1,1,10
GeneralDiscussion,1,,ID_E8HHS8,ID_ICOCLHJJ,13:19:40.552911,1,4,17
GeneralDiscussion,1,,ID_YAOACP,ID_71J2E9D0,11:53:10.714609,1,1,22
ID_KHED,0,1.0,ID_KMWL9Y,ID_71J2E9D0,11:37:14.343605,1,1,22
GeneralDiscussion,1,,ID_MSQU4V,ID_GMX3U7E8,00:04:54.337452,1,1,3
GeneralDiscussion,1,,ID_9NF1SC,ID_GMX3U7E8,10:49:12.154271,1,1,8
GeneralDiscussion,1,,ID_PX2S4V,ID_GMX3U7E8,00:18:30.557706,1,1,3
ID_0D02,0,,ID_R5NLNX,ID_Z2TPNVV1,12:10:26.994021,1,1,22
GeneralDiscussion,1,,ID_O870ML,ID_M8GO1589,08:24:45.292928,1,4,1
GeneralDiscussion,1,,ID_W2IEUV,ID_6KJD9LYJ,11:15:10.170631,1,3,2
ID_X2AS,1,,ID_HQELPY,ID_6KJD9LYJ,18:40:29.494306,1,3,3
ID_MN35,0,3.0,ID_WWAY33,ID_79RA1438,00:10:07.088140,1,1,11
ID_MN35,0,,ID_P4LI58,ID_79RA1438,21:28:39.119234,1,1,14
GeneralDiscussion,1,,ID_DHK6JJ,ID_I9LYCCK0,09:39:22.702135,1,3,6
ID_X2AS,0,5.0,ID_HW97QO,ID_F6P9C319,03:10:22.534749,1,3,2
ID_X2AS,0,5.0,ID_XC93J6,ID_F6P9C319,03:07:28.831953,1,3,2
GeneralDiscussion,1,,ID_K0BKH8,ID_F6P9C319,22:27:10.892523,1,3,2
GeneralDiscussion,1,,ID_K3MS6M,ID_D882KGRB,11:46:52.835146,1,1,14
ID_BARV,0,,ID_U48MQ7,ID_M8Q8OBBC,02:10:11.696523,1,2,10
GeneralDiscussion,1,,ID_ECFKLQ,ID_Q1PUNFBI,17:21:05.217983,1,1,11
ID_KHED,0,3.0,ID_7ZWQGR,ID_Q1PUNFBI,09:24:17.887742,1,1,8
ID_KHED,0,3.0,ID_EX69OA,ID_Q1PUNFBI,21:36:13.593966,1,1,8
ID_KHED,0,1.0,ID_CVXQEH,ID_Q1PUNFBI,21:31:41.002460,1,1,8
ID_X2AS,1,,ID_L3V64Z,ID_QKE37PHG,18:51:06.321975,1,3,4
GeneralDiscussion,1,,ID_59ZIKE,ID_Z2PPR0H2,22:28:59.217345,1,4,14
GeneralDiscussion,1,,ID_82C1JF,ID_JSA2T4BV,13:05:28.042531,1,1,24
GeneralDiscussion,1,,ID_NRT7P1,ID_JSA2T4BV,14:07:24.371738,1,1,14
GeneralDiscussion,1,,ID_00QLQO,ID_JSA2T4BV,14:11:28.369838,1,1,14
GeneralDiscussion,1,,ID_P20FC4,ID_6C5BUWHH,15:57:29.825694,1,12,24
GeneralDiscussion,1,,ID_T4KQEC,ID_P1EKG1Z9,15:27:22.931036,1,2,8
GeneralDiscussion,1,,ID_882HZZ,ID_J60UCOR3,09:22:06.579679,1,11,8
GeneralDiscussion,1,,ID_C5EICB,ID_J60UCOR3,13:35:05.719339,1,12,4
GeneralDiscussion,1,,ID_U74E10,ID_J60UCOR3,12:35:55.684631,1,12,18
GeneralDiscussion,1,,ID_AKLITT,ID_J60UCOR3,12:31:42.932101,1,12,18
GeneralDiscussion,1,,ID_ZIOEPS,ID_J60UCOR3,08:19:48.217355,1,12,5
GeneralDiscussion,0,,ID_TQI04M,ID_J60UCOR3,10:13:41.924326,1,12,3
GeneralDiscussion,1,,ID_72RVSF,ID_J60UCOR3,09:00:28.547931,1,11,10
GeneralDiscussion,1,,ID_9827TA,ID_J60UCOR3,10:16:38.540838,1,12,4
GeneralDiscussion,1,,ID_OK1UXL,ID_J60UCOR3,10:26:30.486092,1,12,16
GeneralDiscussion,1,,ID_X5BYM1,ID_J60UCOR3,11:37:27.526136,1,12,16
GeneralDiscussion,1,,ID_81H59Q,ID_J60UCOR3,12:15:50.721067,1,12,3
GeneralDiscussion,1,,ID_T2D3ZN,ID_J60UCOR3,10:35:51.797528,1,12,4
GeneralDiscussion,1,,ID_Q2AJIP,ID_B03YPVMR,15:23:58.804766,1,1,7
GeneralDiscussion,1,,ID_RALRLU,ID_0CDQLN33,19:44:53.433528,1,4,13
ID_X2AS,1,,ID_ZIM6ND,ID_1FWLKA0C,11:36:54.212400,1,3,4
ID_X2AS,0,1.0,ID_F1XU9M,ID_6SQOS8YX,19:05:36.591371,1,2,22
ID_X2AS,0,,ID_8KOY2R,ID_6SQOS8YX,08:28:03.151481,1,2,26
GeneralDiscussion,1,,ID_TFSC4K,ID_HKTXT3GR,13:52:02.200905,1,11,29
GeneralDiscussion,1,,ID_40T88U,ID_6RJ8RYVU,06:52:29.942589,1,2,8
ID_J883,1,,ID_IAQM9Y,ID_6RJ8RYVU,16:05:20.792936,1,1,24
GeneralDiscussion,1,,ID_FID6NS,ID_RJBCXB41,12:25:58.536531,1,4,5
ID_WZ0H,0,3.0,ID_P1NDJ0,ID_45DM0RM5,12:27:29.027583,1,4,11
ID_WZ0H,0,3.0,ID_SNNM57,ID_45DM0RM5,10:29:08.524655,1,4,14
GeneralDiscussion,1,,ID_KHDV6L,ID_Z4GS38P8,15:39:28.871756,1,1,3
ID_KHED,0,1.0,ID_OF8QEQ,ID_Z4GS38P8,13:01:39.995382,1,1,3
ID_PB3Q,0,1.0,ID_Z3O38Q,ID_5IZCXMHJ,08:51:30.579967,1,3,9
GeneralDiscussion,1,,ID_EQLQFZ,ID_EI3D9ILU,19:35:29.852599,1,2,25
ID_M7TY,0,,ID_QVIRMF,ID_SZT2WJVS,17:39:02.609700,1,12,31
GeneralDiscussion,1,,ID_Q2HT43,ID_6JZIJ8I2,16:49:20.349274,1,4,17
GeneralDiscussion,1,,ID_F4S6UB,ID_KWKXTBC1,14:34:29.076212,1,3,9
ID_9TS1,0,1.0,ID_FWGIPM,ID_ZJ8ZO4PT,17:23:28.978420,1,2,12
ID_9TS1,0,1.0,ID_EWT1OB,ID_ZJ8ZO4PT,19:36:45.445319,1,1,29
GeneralDiscussion,1,,ID_TMANB7,ID_ZJ8ZO4PT,14:54:34.310214,1,2,13
GeneralDiscussion,1,,ID_7UM0SJ,ID_M30JE0QD,13:09:12.874549,1,3,4
ID_X2AS,1,,ID_JXVYIG,ID_M30JE0QD,13:35:55.556486,1,3,4
GeneralDiscussion,1,,ID_UTZ9NA,ID_8G3OPV4U,22:21:56.327924,1,11,29
GeneralDiscussion,1,,ID_8KDOJ7,ID_Z5PR3F8F,03:09:42.503271,1,2,30
GeneralDiscussion,1,,ID_GUPOYJ,ID_O0BA4M00,13:34:26.960079,1,3,4
GeneralDiscussion,1,,ID_3GV9ZO,ID_IR0IEP53,13:55:59.924061,1,4,3
GeneralDiscussion,1,,ID_3HI9HN,ID_QI5CG66K,02:42:22.408456,1,12,31
GeneralDiscussion,1,,ID_5QYAW0,ID_MNOIL5QK,14:17:47.899796,1,1,24
GeneralDiscussion,1,,ID_MN860L,ID_FWAYJX2Z,14:10:30.656385,1,1,24
GeneralDiscussion,1,,ID_VVAGYM,ID_JBPCHBU7,13:36:30.262457,1,3,16
GeneralDiscussion,1,,ID_LYTZ89,ID_JBPCHBU7,09:10:00.130233,1,4,2
ID_9TS1,0,,ID_04S1G9,ID_NH8UN60I,08:49:54.260845,1,2,25
ID_KHED,0,1.0,ID_KSTSJ2,ID_NH8UN60I,08:58:55.387463,1,1,9
GeneralDiscussion,1,,ID_B3EYRR,ID_6KX4H8VX,13:20:40.504432,1,1,14
GeneralDiscussion,1,,ID_T7QPHS,ID_WDJW5ZOO,09:27:51.180978,1,1,3
ID_X2AS,1,,ID_NSU2P4,ID_AWEP2WRJ,14:09:03.844568,1,2,29
GeneralDiscussion,1,,ID_6VAJCF,ID_VDAXFYWM,06:37:02.277182,1,3,29
ID_Y6FW,1,,ID_JFKC9W,ID_QBCTS9LN,05:50:59.192603,1,2,15
ID_BARV,1,,ID_U43P1N,ID_8HOCFBMM,17:46:51.069970,1,1,18
GeneralDiscussion,1,,ID_XO3P2Z,ID_I0L8YQT8,18:29:36.514595,1,12,17
GeneralDiscussion,1,,ID_ALG3Z0,ID_2NBZEU0O,18:55:51.044824,1,2,11
GeneralDiscussion,1,,ID_FS0EHE,ID_XPKIJ9XG,10:11:18.727592,1,1,3
GeneralDiscussion,1,,ID_YMZ0RV,ID_C6Y62WGW,03:49:37.845375,1,3,30
GeneralDiscussion,1,,ID_EFQ2BD,ID_IAVI725E,15:23:14.335348,1,3,8
ID_KHED,0,1.0,ID_C3E9NA,ID_STUAC5TP,16:58:37.280431,1,1,21
GeneralDiscussion,1,,ID_GGE6IB,ID_STUAC5TP,17:02:31.740576,1,1,21
ID_KHED,0,,ID_NH79TC,ID_STUAC5TP,17:01:48.963489,1,1,21
GeneralDiscussion,1,,ID_JZ6LII,ID_STUAC5TP,18:26:48.404885,1,1,29
GeneralDiscussion,1,,ID_BUUYPZ,ID_E32Y870O,17:02:11.589377,1,2,31
GeneralDiscussion,1,,ID_HWQGMN,ID_RK46H06Y,14:10:18.895833,1,2,29
ID_PDKH,0,,ID_ZMD0W4,ID_B5TAOWY5,18:40:35.437541,1,3,16
ID_X2AS,0,1.0,ID_DZW6IK,ID_2I2VYHTX,07:36:40.036772,1,3,2
ID_X2AS,1,,ID_2PEDKX,ID_2I2VYHTX,03:08:23.579873,1,3,2
ID_Y6FW,1,,ID_D7VFW0,ID_Q8IB0VXE,05:56:56.594469,1,2,15
ID_KHED,0,,ID_Y8RSCZ,ID_UF64R6WS,10:42:20.714477,1,12,29
GeneralDiscussion,1,,ID_61O3SM,ID_UF64R6WS,13:05:25.170308,1,12,29
ID_KHED,0,,ID_5D1PPN,ID_LRZ72BS7,18:09:34.200846,1,1,30
GeneralDiscussion,1,,ID_EBW7CW,ID_2IMGTF5U,18:29:14.748773,1,1,30
GeneralDiscussion,1,,ID_Z5DCTN,ID_VETNLXQW,09:21:12.119766,1,12,29
GeneralDiscussion,1,,ID_1PTYG0,ID_RM49YMXC,05:36:23.737459,1,2,29
GeneralDiscussion,1,,ID_1YPD2P,ID_2L9NNREM,09:13:50.793114,1,1,20
ID_J883,1,,ID_ZSV7QE,ID_2L9NNREM,19:28:54.242265,1,1,24
ID_MN35,1,,ID_5P3GWT,ID_2L9NNREM,19:28:54.141089,1,1,24
GeneralDiscussion,1,,ID_IX85E9,ID_ONWNNYCK,00:46:00.590562,1,1,8
GeneralDiscussion,1,,ID_9RENCA,ID_IJERNHK9,09:56:43.610361,1,12,29
GeneralDiscussion,1,,ID_UR6C6R,ID_PMFE17A3,22:54:10.281891,1,3,5
GeneralDiscussion,1,,ID_3U1B8N,ID_69ZAVLNU,19:32:42.535906,1,2,11
ID_KHED,0,,ID_OWKWB0,ID_CA30N3CZ,19:57:46.475627,1,1,9
ID_KHED,0,,ID_KYIBMQ,ID_1XI9LM09,04:57:52.131399,1,12,31
ID_X2AS,1,,ID_1VLYHS,ID_BWGC2Y66,21:56:43.768402,1,3,5
GeneralDiscussion,1,,ID_0RS0Y7,ID_AIWOX2SS,14:12:19.748144,1,2,29
ID_PDKH,0,1.0,ID_R9VYR5,ID_XZ2VSL5Y,15:23:13.829492,1,3,10
ID_KHED,0,1.0,ID_1EJXPW,ID_XZ2VSL5Y,19:21:01.998829,1,1,20
ID_KHED,0,1.0,ID_0YDQ6K,ID_XZ2VSL5Y,09:23:17.882238,1,1,23
GeneralDiscussion,1,,ID_ATIWVR,ID_ZQAPOLSL,06:07:53.449351,1,12,31
ID_KHED,0,1.0,ID_N24STU,ID_ZQAPOLSL,20:07:37.960252,1,12,29
GeneralDiscussion,1,,ID_W9HCAQ,ID_QZCPN5RH,17:26:23.164597,1,2,21
GeneralDiscussion,0,,ID_G4CI1T,ID_QZCPN5RH,17:11:34.715030,1,2,21
GeneralDiscussion,1,,ID_7RHIKY,ID_JVR4GVC6,12:49:09.929556,1,12,29
GeneralDiscussion,1,,ID_F83X5Y,ID_O8RQ1FE7,05:19:17.598831,1,2,25
GeneralDiscussion,1,,ID_KW2D4K,ID_O8RQ1FE7,02:39:23.204988,1,2,28
GeneralDiscussion,1,,ID_0NKI21,ID_O8RQ1FE7,05:17:38.571050,1,2,25
GeneralDiscussion,1,,ID_SQR5RP,ID_O8RQ1FE7,05:08:01.348356,1,2,25
GeneralDiscussion,1,,ID_9NN76E,ID_O8RQ1FE7,05:15:41.476204,1,2,25
GeneralDiscussion,1,,ID_JMJKHA,ID_O8RQ1FE7,05:30:23.931802,1,2,25
GeneralDiscussion,1,,ID_IVC78P,ID_J9YHGLVC,13:03:11.426735,1,12,29
ID_KHED,0,3.0,ID_UYUBU0,ID_RIXP7SLY,16:22:58.061681,1,1,7
ID_PDKH,0,1.0,ID_XNJBUV,ID_RIXP7SLY,21:39:21.430334,1,3,11
ID_PDKH,0,2.0,ID_XL8DIZ,ID_RIXP7SLY,22:24:40.565292,1,3,12
ID_KHED,0,2.0,ID_HJMKEL,ID_RIXP7SLY,16:56:21.054982,1,2,3
ID_M7TY,1,,ID_TBHBHO,ID_DJB1IRBE,12:48:53.884568,1,1,26
GeneralDiscussion,1,,ID_BGC181,ID_B7P5XIYB,12:41:46.631244,1,3,27
GeneralDiscussion,1,,ID_0LJIH4,ID_9CIJ2959,06:18:23.233125,1,11,15
GeneralDiscussion,1,,ID_F7RMAC,ID_HDB3FLU9,14:42:55.716670,1,2,15
GeneralDiscussion,1,,ID_SXN0GU,ID_HDB3FLU9,15:18:41.028018,1,2,15
GeneralDiscussion,1,,ID_LZS98H,ID_HDB3FLU9,14:52:05.218956,1,2,15
GeneralDiscussion,1,,ID_ANWVBE,ID_HDB3FLU9,16:17:43.880093,1,2,15
GeneralDiscussion,1,,ID_JTYSUU,ID_J133ZIRQ,07:24:16.244932,1,2,14
ID_Y6FW,1,,ID_A1AT73,ID_J133ZIRQ,13:15:09.350420,1,2,15
GeneralDiscussion,1,,ID_X0AHO4,ID_64PCCB8L,16:31:22.774947,1,3,4
ID_CNBR,0,,ID_S730NC,ID_84JEM59C,18:00:11.603048,1,4,16
GeneralDiscussion,1,,ID_9RTXK4,ID_H50NMYYN,05:33:33.358534,1,1,8
GeneralDiscussion,1,,ID_0XVCXY,ID_I3THPYWV,07:25:29.910685,1,2,14
GeneralDiscussion,0,,ID_TT8JAB,ID_I3THPYWV,07:28:11.011150,1,2,14
GeneralDiscussion,0,1.0,ID_F2DVUW,ID_SY1FK46V,02:31:48.892687,1,12,25
GeneralDiscussion,1,,ID_47T171,ID_7J4W0TMQ,19:24:43.755781,1,1,30
ID_MN35,0,,ID_P1JLHT,ID_7J4W0TMQ,20:19:18.852473,1,4,5
ID_0D02,1,,ID_OZTVRO,ID_RVEJ114T,23:05:57.042222,1,12,24
ID_Y6FW,1,,ID_4RK3XZ,ID_9QSVIPEQ,07:11:49.815518,1,2,15
ID_BARV,1,,ID_1DSAPW,ID_2YUAPWLF,18:32:12.793788,1,12,17
GeneralDiscussion,1,,ID_V0LT8I,ID_MBXFOMKH,21:26:44.954144,1,1,9
GeneralDiscussion,0,5.0,ID_9VALOX,ID_FCPKXD1X,08:03:58.494919,1,1,10
GeneralDiscussion,1,,ID_RWMUMI,ID_MI2871KN,07:52:01.546798,1,2,29
GeneralDiscussion,1,,ID_K48MWT,ID_BV63CZZG,21:59:33.321945,1,2,25
ID_WZ0H,0,3.0,ID_5XKX1Y,ID_OVEPUSPJ,10:49:20.050590,1,4,15
GeneralDiscussion,1,,ID_UQA6A9,ID_LOQLFDA9,19:11:24.306646,1,4,16
GeneralDiscussion,1,,ID_8POBVQ,ID_3VJJ4PFA,19:15:43.150216,1,1,11
ID_Y6FW,1,,ID_CMXMLA,ID_5EYWALU6,07:59:36.387663,1,2,15
ID_X2AS,1,,ID_UWAQ9U,ID_WLJ45LLI,10:43:51.882127,1,3,4
GeneralDiscussion,1,,ID_ZVFDOU,ID_7FOY8J1I,16:08:29.963488,1,3,6
GeneralDiscussion,1,,ID_EPNDNH,ID_A0HZO4HV,06:00:50.160411,1,2,1
GeneralDiscussion,1,,ID_H64K0Y,ID_8KHYGOK7,17:07:33.176360,1,2,1
GeneralDiscussion,1,,ID_OP9CMH,ID_0F0FMJSL,12:39:05.819146,1,11,7
GeneralDiscussion,1,,ID_BMZ5CB,ID_6T7EOOHH,09:19:14.022527,1,3,21
GeneralDiscussion,1,,ID_8N0F32,ID_6T7EOOHH,17:34:46.019317,1,4,5
GeneralDiscussion,1,,ID_NO7U1I,ID_6T7EOOHH,07:19:33.197158,1,3,22
GeneralDiscussion,1,,ID_P380TU,ID_6T7EOOHH,07:25:51.353127,1,3,22
GeneralDiscussion,1,,ID_MMABKZ,ID_6T7EOOHH,07:26:52.184910,1,3,22
GeneralDiscussion,1,,ID_PSA12P,ID_6T7EOOHH,07:27:25.769058,1,3,22
GeneralDiscussion,1,,ID_ORDB29,ID_6T7EOOHH,20:24:49.684429,1,2,14
GeneralDiscussion,1,,ID_4P89QD,ID_6T7EOOHH,10:24:02.334770,1,3,30
GeneralDiscussion,1,,ID_N96DEV,ID_6T7EOOHH,10:58:09.812933,1,3,22
GeneralDiscussion,1,,ID_84NZQH,ID_6T7EOOHH,19:41:45.731450,1,3,30
GeneralDiscussion,1,,ID_H5R59Z,ID_6T7EOOHH,06:53:13.112545,1,2,15
GeneralDiscussion,1,,ID_RPO3MY,ID_6T7EOOHH,09:07:24.438873,1,3,21
GeneralDiscussion,1,,ID_01NEQG,ID_6T7EOOHH,19:49:21.171239,1,2,14
GeneralDiscussion,1,,ID_BCIJM1,ID_6T7EOOHH,12:10:15.813709,1,2,15
GeneralDiscussion,1,,ID_3FXIK8,ID_6T7EOOHH,19:43:11.760220,1,2,10
GeneralDiscussion,1,,ID_10Y3RD,ID_A673OCI5,08:35:57.840696,1,4,5
GeneralDiscussion,1,,ID_1H5JF9,ID_COMB9R3S,11:21:03.994864,1,1,23
GeneralDiscussion,1,,ID_9L157G,ID_6B6JAVA9,09:18:09.465824,1,1,4
GeneralDiscussion,1,,ID_LP3HX8,ID_VS88IK22,07:41:15.646339,1,3,26
GeneralDiscussion,0,,ID_36HXW1,ID_5Z87C92K,17:02:36.820915,1,3,2
GeneralDiscussion,1,,ID_Q2ZV1O,ID_0PAUHE7L,08:18:43.125340,1,2,15
ID_BARV,0,,ID_17BPKZ,ID_0PAUHE7L,10:55:12.827878,1,3,1
GeneralDiscussion,1,,ID_0VZRY1,ID_0PAUHE7L,12:08:20.100932,1,2,8
ID_X2AS,1,,ID_2TJ4SZ,ID_C9S0M9V8,13:22:49.181364,1,3,8
ID_X2AS,0,,ID_GFLIXS,ID_C9S0M9V8,18:12:50.578340,1,3,3
ID_BARV,0,1.0,ID_S36B2L,ID_N63283LV,17:09:20.836629,1,12,16
ID_BARV,0,,ID_0VEYDR,ID_N63283LV,17:12:22.112064,1,12,16
GeneralDiscussion,1,,ID_R4N56Y,ID_8AN7N60E,18:40:22.492622,1,12,29
GeneralDiscussion,1,,ID_4ZLQAB,ID_5O23FG5J,07:00:33.192656,1,4,21
GeneralDiscussion,1,,ID_OH2JR9,ID_22SG6EHK,11:27:08.080925,1,3,15
GeneralDiscussion,1,,ID_MIVB9A,ID_22SG6EHK,18:43:26.363589,1,3,20
ID_CNBR,0,1.0,ID_RXZ7GL,ID_22SG6EHK,22:29:28.627108,1,3,12
ID_CNBR,0,,ID_NAXJE8,ID_22SG6EHK,22:45:25.551960,1,3,12
GeneralDiscussion,1,,ID_4CNDZ2,ID_22SG6EHK,10:50:44.154817,1,3,27
GeneralDiscussion,1,,ID_B0OODM,ID_22SG6EHK,18:16:32.606950,1,3,20
ID_CNBR,0,1.0,ID_AKPA2C,ID_22SG6EHK,22:33:31.815320,1,3,12
ID_LSIO,1,,ID_ZIOA4R,ID_FO9IAX9N,07:06:38.568844,1,4,21
GeneralDiscussion,1,,ID_BJN75B,ID_GORMNGY1,16:33:46.422699,1,1,6
GeneralDiscussion,1,,ID_MJIDR1,ID_7SCK1DA6,19:20:00.256670,1,12,29
ID_WOVD,1,,ID_Q2359X,ID_CK2R7TO6,09:48:22.417501,1,2,9
ID_G05Z,0,1.0,ID_RNC24W,ID_CK2R7TO6,08:41:47.012370,1,2,23
GeneralDiscussion,1,,ID_G2BDFT,ID_9ZTJ8XLM,17:39:13.610069,1,2,24
GeneralDiscussion,1,,ID_56QNEH,ID_9ZTJ8XLM,17:36:44.814865,1,2,24
GeneralDiscussion,1,,ID_0I9T4K,ID_PNIJYO19,07:14:12.671281,1,4,21
GeneralDiscussion,1,,ID_HCAGEV,ID_6U4Q8AWE,07:51:01.079019,1,4,18
GeneralDiscussion,1,,ID_BV5M25,ID_I5BH40UI,19:51:40.738452,1,12,29
ID_KHED,0,,ID_78HFSW,ID_I5BH40UI,09:27:50.300122,1,1,27
GeneralDiscussion,1,,ID_O8YZBF,ID_VDEF8ZLB,19:16:07.005084,1,3,1
GeneralDiscussion,1,,ID_6KWF1W,ID_67V8V2BU,18:21:04.527190,1,1,24
GeneralDiscussion,1,,ID_L2T933,ID_6QQLS8B0,05:36:12.725467,1,2,7
GeneralDiscussion,1,,ID_X48UVR,ID_JLYPSNIO,19:15:23.104353,1,3,2
GeneralDiscussion,1,,ID_RJZ9NN,ID_TE6MOTIF,07:28:40.997829,1,2,27
GeneralDiscussion,1,,ID_U2UVMC,ID_4JY6VVZ8,11:35:44.294240,1,1,1
GeneralDiscussion,1,,ID_GXQQG7,ID_EE6XFM4T,06:33:29.498014,1,1,30
ID_KHED,0,1.0,ID_JI8LSQ,ID_EE6XFM4T,10:47:31.248444,1,1,7
GeneralDiscussion,1,,ID_E92721,ID_E7UJT0DD,07:29:21.253021,1,2,27
ID_X2AS,1,,ID_P4CDPA,ID_3H0NK1EC,10:08:13.933555,1,2,25
GeneralDiscussion,1,,ID_1Y1ES2,ID_3H0NK1EC,13:17:06.065221,1,2,28
GeneralDiscussion,1,,ID_1XX184,ID_IL5O79F1,18:48:50.758439,1,3,6
GeneralDiscussion,1,,ID_DLQNP7,ID_3ILZ1DDT,06:52:42.385163,1,3,24
GeneralDiscussion,1,,ID_G2CIMV,ID_SJ87CA7Y,00:02:59.052684,1,1,10
GeneralDiscussion,1,,ID_6JOFUX,ID_QEWIE24V,10:53:16.867621,1,1,8
GeneralDiscussion,0,2.0,ID_EGNLRG,ID_QEWIE24V,10:30:08.964369,1,1,8
ID_6E1C,0,,ID_9MZYCJ,ID_S93O1JR4,00:14:08.899041,1,1,21
GeneralDiscussion,1,,ID_57RP0S,ID_S93O1JR4,22:10:34.441349,1,3,11
GeneralDiscussion,1,,ID_7C60PW,ID_K1BNNRJ5,01:51:33.804214,1,3,22
GeneralDiscussion,1,,ID_6QD6GS,ID_80H06GA7,12:31:10.365411,1,3,28
GeneralDiscussion,1,,ID_S0VPIW,ID_MAVZ0VHE,07:59:39.544327,1,4,15
ID_BARV,0,1.0,ID_V170NL,ID_JAXVFJCF,06:29:40.778494,1,2,24
ID_BARV,0,3.0,ID_DYFYKF,ID_JAXVFJCF,01:10:09.429361,1,2,31
ID_Y6FW,1,,ID_46D9VO,ID_QO5P8UJG,09:10:53.116834,1,2,15
GeneralDiscussion,1,,ID_MSIVGX,ID_6AOAGTQ2,19:48:54.350154,1,3,4
ID_X2AS,1,,ID_9OEWDN,ID_A0C30L7W,21:05:59.239603,1,3,2
ID_Y6FW,1,,ID_1WQX10,ID_XV51PDXE,08:17:01.954623,1,2,15
GeneralDiscussion,1,,ID_4EDZ9Q,ID_XV51PDXE,20:47:26.656284,1,2,16
GeneralDiscussion,1,,ID_JPPPTW,ID_POT6ENDC,19:58:28.016077,1,3,4
ID_X2AS,1,,ID_GDLO3W,ID_POT6ENDC,20:56:53.906968,1,3,7
GeneralDiscussion,1,,ID_YRHAVI,ID_UE4BFIJD,14:15:28.287003,1,1,4
GeneralDiscussion,1,,ID_O24SU4,ID_SC59RO43,20:59:15.781530,1,4,17
GeneralDiscussion,1,,ID_S75XKZ,ID_SC59RO43,20:53:59.558955,1,4,17
ID_X2AS,1,,ID_GCAA23,ID_WJG1PVRQ,17:47:14.426354,1,2,24
GeneralDiscussion,1,,ID_62GM0T,ID_HYBUQ26U,01:48:44.603272,1,1,10
GeneralDiscussion,1,,ID_L3CFEA,ID_HYBUQ26U,01:45:23.104900,1,1,10
GeneralDiscussion,0,1.0,ID_37VYUJ,ID_HATN64MV,10:26:15.495690,1,1,8
GeneralDiscussion,1,,ID_CPJJ0A,ID_RY4ZUOS9,16:13:09.200291,1,11,25
GeneralDiscussion,1,,ID_5M1I9T,ID_IQ9USOLG,06:39:07.087125,1,12,30
GeneralDiscussion,1,,ID_4EI4JK,ID_4B6512CS,20:09:04.132094,1,3,4
ID_X2AS,1,,ID_ST7XQP,ID_4B6512CS,20:47:52.597855,1,3,4
GeneralDiscussion,1,,ID_0FU9NE,ID_3EMD8J3I,08:55:26.915380,1,4,21
GeneralDiscussion,1,,ID_AKZC7F,ID_G0GO0DU9,07:44:14.679614,1,2,30
GeneralDiscussion,1,,ID_MOTKTF,ID_J2U6KHTO,22:10:08.665775,1,3,2
GeneralDiscussion,1,,ID_L6FKDT,ID_ZIVOLJ3U,09:11:49.704212,1,4,21
GeneralDiscussion,1,,ID_MJS9IE,ID_IMJ3QLRP,02:17:09.152201,1,2,26
ID_Y6FW,1,,ID_Q7TO0D,ID_MH5MZD0B,13:27:10.351365,1,2,15
GeneralDiscussion,1,,ID_ENJ1OA,ID_2O03EUWO,22:41:35.612093,1,3,2
ID_Y6FW,1,,ID_4C57T9,ID_3P6A3862,05:56:31.060341,1,2,15
ID_X2AS,1,,ID_G5U19U,ID_EZAY5FK9,20:51:07.362854,1,3,4
GeneralDiscussion,1,,ID_01N0JW,ID_Y1LW7SKW,21:06:55.210663,1,3,4
GeneralDiscussion,1,,ID_WMX41E,ID_G6BODSG0,16:08:47.299374,1,1,4
GeneralDiscussion,1,,ID_C6K3PL,ID_OYMLUJKN,19:28:09.102483,1,2,24
ID_X2AS,1,,ID_Y17NPP,ID_V0MHZS5E,20:29:59.398493,1,3,8
ID_X2AS,0,,ID_UNMY7J,ID_99LRGQMS,21:17:45.238129,1,3,4
ID_X2AS,0,5.0,ID_B4Z5JQ,ID_99LRGQMS,21:15:28.858873,1,3,4
GeneralDiscussion,1,,ID_M3TTD1,ID_99LRGQMS,07:16:09.894218,1,3,5
ID_X2AS,1,,ID_DK9FG3,ID_99LRGQMS,07:23:05.634524,1,3,5
GeneralDiscussion,1,,ID_R11BQY,ID_IJJZK3XD,07:40:57.666854,1,3,16
GeneralDiscussion,1,,ID_5K354U,ID_K182LFP9,03:58:04.572547,1,2,26
GeneralDiscussion,1,,ID_XLBM8U,ID_78NS3PIL,21:19:10.842111,1,3,4
GeneralDiscussion,1,,ID_NWPQO0,ID_78NS3PIL,21:19:10.837163,1,3,4
GeneralDiscussion,1,,ID_SPN9OE,ID_Z2142EEM,20:50:36.675584,1,2,7
GeneralDiscussion,1,,ID_HZET7L,ID_8QZNCYCP,21:28:40.315691,1,3,4
GeneralDiscussion,1,,ID_7BLB7N,ID_FS744UX4,21:25:59.486243,1,3,4
GeneralDiscussion,1,,ID_QQRLOM,ID_5HPWRZQ6,10:01:20.233685,1,12,30
GeneralDiscussion,0,,ID_7E6KUV,ID_HHQTC8VO,09:48:05.907307,1,3,29
ID_Y6FW,1,,ID_72YN7G,ID_AY1HQ06G,09:35:55.755765,1,2,15
GeneralDiscussion,1,,ID_R8T3MP,ID_E9RQ863V,04:43:46.119380,1,3,22
GeneralDiscussion,1,,ID_SI5009,ID_U9GC8JHO,09:47:56.644097,1,12,27
GeneralDiscussion,1,,ID_US97SQ,ID_JF5A20YX,10:55:29.903785,1,12,27
GeneralDiscussion,1,,ID_LDVUF7,ID_8Z11WXH9,09:30:29.723646,1,12,27
GeneralDiscussion,0,,ID_XU8NM3,ID_8Z11WXH9,10:24:20.318463,1,12,27
ID_M7TY,0,,ID_MHZ7FF,ID_8Z11WXH9,10:18:36.171246,1,12,27
GeneralDiscussion,1,,ID_XWDLTO,ID_BXMS8LQC,09:54:15.740967,1,12,27
GeneralDiscussion,1,,ID_K32SK6,ID_FVZ9HO4F,10:04:44.294967,1,12,27
ID_KU2G,0,3.0,ID_1WGLQ9,ID_18F6R9N6,07:20:09.146242,1,1,9
GeneralDiscussion,1,,ID_5ZF2PE,ID_18F6R9N6,07:23:09.531813,1,1,9
GeneralDiscussion,1,,ID_P3C5UF,ID_86CVTGTO,09:04:28.206693,1,3,17
ID_PDKH,0,,ID_L8JVP0,ID_86CVTGTO,08:35:46.391415,1,3,17
GeneralDiscussion,1,,ID_W5CPES,ID_86CVTGTO,17:40:09.612968,1,3,17
ID_KHED,0,3.0,ID_3INLW5,ID_2UZNT312,18:58:36.330276,1,1,4
GeneralDiscussion,1,,ID_YIW9C7,ID_67X13BMJ,19:29:04.559071,1,2,24
GeneralDiscussion,1,,ID_LXOQYJ,ID_971CZQOY,19:44:43.540987,1,2,20
GeneralDiscussion,1,,ID_4GTB3Q,ID_1B3PZM86,20:05:47.543126,1,2,20
GeneralDiscussion,1,,ID_HKGU34,ID_J8WKQH64,09:01:48.263482,1,1,21
GeneralDiscussion,1,,ID_ST7FIS,ID_V9N4S8WS,14:41:00.239631,1,12,25
GeneralDiscussion,1,,ID_OJKP0V,ID_ELUIADG6,13:06:50.499076,1,12,29
GeneralDiscussion,1,,ID_TXOAZS,ID_09ZOWLW2,09:37:31.491400,1,2,15
GeneralDiscussion,1,,ID_XS42HK,ID_Y3LRJQD7,21:25:29.680584,1,1,6
ID_N9IS,0,,ID_X6RMM3,ID_LZ4UYXLB,01:55:08.239669,1,11,5
GeneralDiscussion,1,,ID_AHHFBD,ID_JM4FUIOC,10:05:24.167553,1,3,24
ID_X2AS,1,,ID_WRBG5R,ID_VKYQWTJR,16:30:26.192331,1,2,22
GeneralDiscussion,1,,ID_ZHSPJZ,ID_VKYQWTJR,15:02:06.892885,1,2,29
ID_Y6FW,1,,ID_CQ7T6S,ID_V44DE840,16:51:17.728563,1,2,15
ID_2MIC,0,1.0,ID_81PN8U,ID_OACHH2YK,06:25:01.626272,1,1,25
GeneralDiscussion,1,,ID_DDZCW1,ID_71317D86,12:55:47.429032,1,4,7
ID_BARV,0,2.0,ID_5GZRGF,ID_H1RSEG1Y,10:12:43.216684,1,1,25
GeneralDiscussion,1,,ID_C1B8YK,ID_H1RSEG1Y,10:48:10.846579,1,3,13
ID_BARV,0,5.0,ID_83UCH7,ID_H1RSEG1Y,14:54:14.396572,1,3,4
GeneralDiscussion,1,,ID_7SC69W,ID_7P9WH0ZQ,16:03:27.240772,1,12,29
GeneralDiscussion,1,,ID_W1JN3T,ID_7P9WH0ZQ,22:22:29.399077,1,1,4
GeneralDiscussion,1,,ID_M1NS7L,ID_LBE44QIR,10:34:52.296485,1,3,19
GeneralDiscussion,1,,ID_F9SV6T,ID_FKXCT8TZ,18:29:18.116258,1,3,1
GeneralDiscussion,1,,ID_B9V9UT,ID_GN1E59VW,22:23:06.826395,1,1,14
GeneralDiscussion,1,,ID_TIZYBM,ID_CA4M4DHK,23:03:28.149676,1,1,4
GeneralDiscussion,1,,ID_ZX8QUF,ID_CA4M4DHK,23:04:48.955135,1,1,4
GeneralDiscussion,1,,ID_JF2F3J,ID_CA4M4DHK,23:22:13.797132,1,1,4
GeneralDiscussion,1,,ID_KHDO78,ID_CA4M4DHK,21:39:09.154386,1,1,5
GeneralDiscussion,1,,ID_0587BE,ID_TGS6J4VI,20:05:21.678545,1,1,28
GeneralDiscussion,1,,ID_T6VIFK,ID_HLN17W4T,00:30:32.770847,1,1,5
ID_PDKH,0,1.0,ID_VCNRW3,ID_6IZBW3PP,03:56:49.868874,1,2,20
GeneralDiscussion,1,,ID_HZQ2AZ,ID_ZN62A45J,06:18:07.970463,1,2,22
GeneralDiscussion,1,,ID_T8JWA5,ID_PJRCLRD9,12:26:15.424541,1,1,3
GeneralDiscussion,1,,ID_IZU0G7,ID_QN38NK05,10:29:07.449401,1,3,19
GeneralDiscussion,1,,ID_66ONQV,ID_JL1QZ3SC,12:28:52.252052,1,1,3
ID_X2AS,0,2.0,ID_WMAQHB,ID_O529PY4S,18:09:18.008503,1,3,5
ID_X2AS,1,,ID_RY31VQ,ID_O529PY4S,09:15:27.212700,1,3,4
ID_X2AS,0,,ID_TXSZYK,ID_O529PY4S,18:12:47.006845,1,3,5
ID_MN35,0,,ID_SFWD8O,ID_6OK1Z2Z3,05:55:27.156834,1,3,18
GeneralDiscussion,1,,ID_056CVM,ID_T4HO10R7,06:37:09.694121,1,1,12
GeneralDiscussion,1,,ID_NPDUAE,ID_HUC8FOWW,21:16:22.376043,1,12,12
GeneralDiscussion,1,,ID_NZ14PP,ID_MZHD5C48,15:36:47.142141,1,12,30
ID_MN35,0,3.0,ID_70M5BU,ID_ZPWR2EJE,09:58:14.961117,1,1,10
ID_PDKH,0,,ID_5T31Z4,ID_FX4RBZ5N,09:53:50.588368,1,2,12
GeneralDiscussion,1,,ID_GZJW0U,ID_419DUVG7,01:27:17.366511,1,12,26
GeneralDiscussion,1,,ID_YJRFJF,ID_M1CHPE05,01:30:15.724242,1,1,15
GeneralDiscussion,0,,ID_RHVYCH,ID_PN0QM8IP,06:31:39.038867,1,3,3
GeneralDiscussion,1,,ID_ZDGAQZ,ID_PN0QM8IP,06:34:08.031349,1,3,3
ID_J883,0,,ID_NW04U5,ID_8XHPZDB2,11:15:38.603052,1,2,12
GeneralDiscussion,0,4.0,ID_T3YY37,ID_836JE04N,11:17:40.505139,1,1,17
GeneralDiscussion,1,,ID_025DYE,ID_N56VNG8I,17:17:34.425742,1,12,30
GeneralDiscussion,1,,ID_Y8FCWT,ID_2KKMS5NO,11:32:17.143929,1,1,3
ID_N5MO,0,,ID_5495UP,ID_U1IJB9D9,04:17:35.944566,1,4,9
GeneralDiscussion,1,,ID_KNGTPY,ID_U1IJB9D9,07:10:50.022518,1,4,9
GeneralDiscussion,0,,ID_72X2GC,ID_269EVOID,21:59:07.401258,1,2,31
ID_5KD8,0,,ID_XD29SU,ID_SEBI8GLR,10:34:43.614455,1,3,19
GeneralDiscussion,1,,ID_86PS0I,ID_T8VJ4BOW,09:51:12.289691,1,2,7
GeneralDiscussion,1,,ID_ZBG7QR,ID_1JIFMCLK,03:48:54.030145,1,1,29
GeneralDiscussion,1,,ID_GPBJJB,ID_1JIFMCLK,03:50:22.449897,1,1,29
GeneralDiscussion,1,,ID_27LI5N,ID_JW1HMKB2,10:57:18.055412,1,12,27
GeneralDiscussion,0,5.0,ID_8GTDPE,ID_JW1HMKB2,11:00:28.941488,1,12,27
GeneralDiscussion,1,,ID_CBSUYH,ID_MEL92X5K,01:34:35.167554,1,1,7
GeneralDiscussion,1,,ID_ICBZ69,ID_5QK4U4GM,06:11:27.337162,1,2,30
GeneralDiscussion,1,,ID_UGHZME,ID_3F0IVCFI,15:53:35.067742,1,1,1
GeneralDiscussion,1,,ID_PC8BDD,ID_G7RFGDQP,13:05:17.172591,1,1,3
GeneralDiscussion,1,,ID_PYZ03F,ID_D7AUYWO1,11:38:47.497754,1,12,27
GeneralDiscussion,1,,ID_SNRMB7,ID_2GHH650P,11:49:15.053194,1,12,27
GeneralDiscussion,1,,ID_Q9MNN3,ID_9GIZXZ76,11:55:20.517115,1,12,27
ID_KHED,0,,ID_XAGRVC,ID_SCTW1TBY,15:10:16.280286,1,1,1
GeneralDiscussion,1,,ID_1G4ZTV,ID_SCTW1TBY,09:05:48.661864,1,1,6
GeneralDiscussion,1,,ID_ID5VPF,ID_GIVPV30J,13:18:51.840878,1,12,21
GeneralDiscussion,1,,ID_9M34BQ,ID_5ZDIU97Q,09:45:08.201042,1,3,26
GeneralDiscussion,1,,ID_QSR62X,ID_IBRHZZQH,13:01:26.817125,1,12,27
GeneralDiscussion,1,,ID_Q2STWE,ID_8ZF5QCCF,12:47:11.848313,1,12,27
GeneralDiscussion,1,,ID_DWZZ8M,ID_YHWEAQ9V,07:42:00.612980,1,3,3
ID_X2AS,1,,ID_Y888NW,ID_BU4LMLMI,07:42:35.575190,1,3,3
GeneralDiscussion,1,,ID_7ZMC1C,ID_A249KVXP,15:49:25.940500,1,12,15
GeneralDiscussion,1,,ID_Y1MEZS,ID_9ZPC4W3W,06:20:28.122922,1,1,5
ID_KHED,0,,ID_SGKXLH,ID_MY9SJ7FK,20:20:49.390292,1,1,30
GeneralDiscussion,1,,ID_E486XJ,ID_KHDBQYIR,12:04:04.975127,1,1,8
GeneralDiscussion,1,,ID_JW6EOI,ID_KHDBQYIR,12:04:34.154606,1,1,8
GeneralDiscussion,1,,ID_GO8RYG,ID_LMLNI3V0,13:39:15.301721,1,12,27
GeneralDiscussion,1,,ID_TYFFLE,ID_LY90FGOK,14:00:26.247966,1,12,27
ID_XRP7,0,1.0,ID_KE6GHH,ID_T6HE1YRT,12:27:32.500732,1,1,21
GeneralDiscussion,1,,ID_QZ8YJL,ID_T6HE1YRT,14:58:00.815393,1,1,23
GeneralDiscussion,1,,ID_QPDAT4,ID_T6HE1YRT,07:20:21.947255,1,1,22
GeneralDiscussion,1,,ID_MOAUN6,ID_TZ4C6BN6,14:13:55.431930,1,12,27
GeneralDiscussion,1,,ID_44UYXF,ID_UWTXDM3L,08:58:37.580750,1,3,16
GeneralDiscussion,1,,ID_KWHLM3,ID_4TJ02F48,10:20:14.733815,1,2,26
GeneralDiscussion,1,,ID_K9B24M,ID_MFV1UR05,08:02:25.081543,1,1,29
GeneralDiscussion,1,,ID_JNR6XI,ID_0R6ALIXL,10:43:54.361437,1,1,21
GeneralDiscussion,1,,ID_XA7X4T,ID_R2OC1ZXT,13:14:28.473684,1,2,12
GeneralDiscussion,1,,ID_145LA1,ID_R2OC1ZXT,13:00:57.824873,1,2,12
GeneralDiscussion,1,,ID_RBFYOH,ID_QS6FEGW2,08:52:05.242582,1,1,5
GeneralDiscussion,1,,ID_GHF5WO,ID_W4Q3L1XK,15:46:46.542784,1,12,27
GeneralDiscussion,1,,ID_H2B0MX,ID_1AUWCZ6H,09:12:04.160568,1,1,5
ID_KHED,0,1.0,ID_RIZ73O,ID_1AUWCZ6H,14:42:16.711686,1,1,21
GeneralDiscussion,1,,ID_4XIV9M,ID_QR3MKDIK,19:41:48.952796,1,2,18
GeneralDiscussion,1,,ID_35FUSV,ID_D4C2IGW0,15:06:01.161791,1,12,21
GeneralDiscussion,1,,ID_7GGKIF,ID_D4C2IGW0,15:08:16.503985,1,12,21
GeneralDiscussion,1,,ID_K1MD5F,ID_D4C2IGW0,22:32:55.431916,1,1,5
GeneralDiscussion,1,,ID_4ZKVNF,ID_NGBE556A,17:20:14.269599,1,1,1
ID_MN35,0,,ID_50D6SQ,ID_NGBE556A,12:39:49.810542,1,1,17
GeneralDiscussion,1,,ID_OPXD8V,ID_U3F0T1YZ,10:10:11.871648,1,12,31
GeneralDiscussion,1,,ID_VZYSG9,ID_FTMSBYZZ,15:51:19.363860,1,4,7
GeneralDiscussion,1,,ID_QAIL8Z,ID_PP8UZUMU,10:22:45.416940,1,2,26
ID_0D02,0,,ID_L6QSXJ,ID_OO973CJQ,13:11:09.622032,1,1,8
GeneralDiscussion,1,,ID_8V6729,ID_MO33SCHD,23:02:48.626820,1,11,10
ID_WPP3,0,,ID_INZMNZ,ID_Q7GBU4OJ,08:30:51.199035,1,12,13
GeneralDiscussion,1,,ID_OY64QN,ID_VEB92UM9,08:53:33.866522,1,12,13
ID_HCST,1,,ID_62W6UH,ID_BX3JR1XA,21:15:12.097042,1,4,18
GeneralDiscussion,1,,ID_QP3EBQ,ID_BX3JR1XA,21:30:45.525259,1,4,19
GeneralDiscussion,1,,ID_QL3QTM,ID_KI8V5ME6,13:27:42.862874,1,1,8
GeneralDiscussion,1,,ID_5MES4P,ID_VX89RP34,16:56:07.813623,1,12,15
GeneralDiscussion,1,,ID_1P27V3,ID_1Z3Y72JT,16:23:20.973888,1,12,27
GeneralDiscussion,1,,ID_AH1JU6,ID_B4AETUEJ,04:20:32.486170,1,1,7
GeneralDiscussion,1,,ID_DENCJR,ID_Q7NVMROM,13:57:16.717356,1,3,30
GeneralDiscussion,1,,ID_VIH0CB,ID_Q7NVMROM,05:47:32.773627,1,3,31
ID_X2AS,0,,ID_K28RY4,ID_IL77B7T5,21:21:11.063768,1,2,24
ID_WZ0H,1,,ID_J9E8H1,ID_J9Z92DBD,14:27:52.636760,1,4,12
GeneralDiscussion,1,,ID_R6DWFS,ID_J9Z92DBD,14:33:36.316701,1,4,12
GeneralDiscussion,1,,ID_ZIE7FH,ID_79WZNSJ4,14:09:10.620714,1,3,30
ID_BARV,1,,ID_WBOTY8,ID_VGV1JBKF,13:14:19.657004,1,12,15
GeneralDiscussion,1,,ID_JWNNTK,ID_W727MLU5,06:08:24.222567,1,2,22
GeneralDiscussion,1,,ID_VST459,ID_G3D2OT9J,16:42:39.919359,1,12,27
ID_Y6FW,1,,ID_6KNO4G,ID_TE0SIH9S,13:00:54.204480,1,2,15
GeneralDiscussion,1,,ID_RLI0DJ,ID_U6K9U6A6,10:20:30.040895,1,12,6
GeneralDiscussion,1,,ID_A1S4P3,ID_F4YHEFXQ,21:32:05.855102,1,2,18
ID_0D02,0,3.0,ID_QXOHFN,ID_F4YHEFXQ,14:30:46.402582,1,2,18
ID_MN35,1,,ID_BU7M1R,ID_07ST20FT,04:52:08.761945,1,3,22
GeneralDiscussion,1,,ID_BZAB84,ID_C24R4IL5,10:50:28.516584,1,12,13
GeneralDiscussion,1,,ID_E6KYBZ,ID_5RNKZF2K,13:01:09.236288,1,2,15
GeneralDiscussion,1,,ID_W1RE1Q,ID_0O0UE32C,17:22:41.825084,1,12,27
ID_5KD8,0,,ID_8OGEVB,ID_6TX9YCO0,13:37:21.942292,1,3,19
ID_X2AS,1,,ID_MEZMKJ,ID_KA13164F,10:57:38.926924,1,2,27
GeneralDiscussion,1,,ID_RO95CG,ID_IY1Y0OVP,23:00:57.265017,1,1,24
GeneralDiscussion,1,,ID_97T4NW,ID_IY1Y0OVP,22:59:04.146020,1,1,24
GeneralDiscussion,1,,ID_R79KTL,ID_IY1Y0OVP,23:32:42.300576,1,1,7
GeneralDiscussion,1,,ID_1PUW26,ID_IY1Y0OVP,23:29:30.882897,1,1,7
GeneralDiscussion,1,,ID_A5ZJ00,ID_O2KNDY0J,19:07:48.329198,1,1,22
GeneralDiscussion,1,,ID_6LUIZ3,ID_0Z67DQQL,08:38:16.829596,1,3,3
ID_Y6FW,1,,ID_VWR5XG,ID_V65IAOJ3,13:22:23.288644,1,2,15
GeneralDiscussion,1,,ID_T5K0KC,ID_NS5KG14O,10:44:32.460089,1,3,29
GeneralDiscussion,1,,ID_WT2Z9Y,ID_8SCCGAZ8,13:23:52.904371,1,2,15
GeneralDiscussion,1,,ID_WUI613,ID_LS74F6VR,11:04:31.026068,1,2,26
GeneralDiscussion,1,,ID_B8A547,ID_G0BG76G9,11:05:31.515936,1,2,26
GeneralDiscussion,1,,ID_AY1GMN,ID_9AZI6XGR,16:48:07.803312,1,1,5
GeneralDiscussion,0,4.0,ID_1ZE594,ID_9AZI6XGR,16:40:52.216632,1,1,5
GeneralDiscussion,1,,ID_X6C28V,ID_D2FYF8BT,10:53:43.643242,1,1,21
ID_Y6FW,1,,ID_SJ6DSK,ID_G5TU1M5Z,13:24:20.685279,1,2,15
ID_Y6FW,1,,ID_NA6EXE,ID_2KRPH92K,13:29:20.281286,1,2,15
ID_Y6FW,1,,ID_XXQ71R,ID_8FZTEOZD,13:38:48.120355,1,2,15
ID_NKJR,0,,ID_VLL3AM,ID_5MUZNNX3,06:06:21.881766,1,2,9
ID_NKJR,1,,ID_ES2XZ6,ID_5MUZNNX3,07:34:44.860559,1,2,9
GeneralDiscussion,1,,ID_NZD5JQ,ID_YWN3NTR5,06:33:42.202569,1,2,9
ID_Y6FW,1,,ID_V0NFY2,ID_1FJASJDB,08:01:47.126284,1,2,15
GeneralDiscussion,1,,ID_U50JVE,ID_OI0IN9VY,20:49:57.864185,1,3,28
GeneralDiscussion,0,4.0,ID_2KX87O,ID_F4FDTVXZ,14:15:50.938239,1,3,24
ID_CNBR,0,4.0,ID_SPCKJV,ID_F4FDTVXZ,14:09:06.989473,1,3,24
GeneralDiscussion,1,,ID_AFPR1I,ID_1IR8MHDT,04:28:30.570987,1,3,5
GeneralDiscussion,1,,ID_C5B7S2,ID_OPS8PQG9,09:55:54.740297,1,3,3
ID_Y6FW,1,,ID_TJ26QS,ID_IXOO6UAO,13:35:39.436231,1,2,15
GeneralDiscussion,0,1.0,ID_8TJ9NB,ID_3Q0L706T,10:55:38.938875,1,11,18
GeneralDiscussion,1,,ID_7NJTBB,ID_OONQRRR2,07:37:08.570094,1,2,1
GeneralDiscussion,1,,ID_AYCXY0,ID_U3PRO9C9,07:38:49.474648,1,2,1
GeneralDiscussion,1,,ID_9F1APQ,ID_WST99NQS,13:13:17.513672,1,1,12
ID_UILN,0,1.0,ID_DYDIEH,ID_1ACQ9212,02:58:32.032457,1,2,17
ID_NKJR,1,,ID_9LCSWQ,ID_0PNSL7GD,06:53:49.590009,1,2,9
GeneralDiscussion,1,,ID_9XI8LA,ID_3Z5ZY09U,20:46:02.614977,1,12,15
GeneralDiscussion,1,,ID_VDOE81,ID_GXAHOW6A,19:39:39.425041,1,1,5
ID_M7TY,0,,ID_3T4N72,ID_EDPHAO45,19:48:34.797190,1,1,5
GeneralDiscussion,1,,ID_QDNYTK,ID_LOK87EXZ,08:24:22.172852,1,3,4
GeneralDiscussion,1,,ID_CI6CCZ,ID_1MO20J6I,10:21:09.988495,1,3,3
ID_NKJR,1,,ID_5SA2UH,ID_KJUKIQVD,07:01:58.815823,1,2,9
ID_BARV,1,,ID_VU3LGR,ID_BCMBINYS,13:31:25.013608,1,2,27
GeneralDiscussion,1,,ID_XNYB0S,ID_HUXB4MF1,16:05:08.174747,1,11,26
GeneralDiscussion,0,,ID_GJFSUK,ID_XYSUAP27,01:58:57.316301,1,1,2
GeneralDiscussion,1,,ID_NJOBXT,ID_1SM46B2D,07:16:24.015741,1,11,2
ID_X2AS,1,,ID_GQ84MC,ID_XWGX5SRZ,10:29:36.562592,1,3,3
ID_LSIO,1,,ID_MWOTHJ,ID_7794WCAG,09:38:43.114083,1,3,22
GeneralDiscussion,1,,ID_I2SOJ4,ID_N6CL8XP7,08:16:37.722845,1,2,30
GeneralDiscussion,1,,ID_P7O541,ID_QX7PZJBU,14:23:13.338244,1,3,19
GeneralDiscussion,1,,ID_SU79B4,ID_245SCNSI,16:20:07.425978,1,1,29
GeneralDiscussion,1,,ID_5FV1UN,ID_245SCNSI,19:34:14.918702,1,1,29
GeneralDiscussion,1,,ID_28REXA,ID_245SCNSI,16:22:52.029353,1,1,29
GeneralDiscussion,1,,ID_OC6GCW,ID_C5H4F0WV,21:56:17.898638,1,12,15
ID_CNBR,1,,ID_NY0HLB,ID_C6JX9WR4,17:11:02.061656,1,1,10
ID_BARV,1,,ID_ZBBFPY,ID_P1JFN2B4,17:28:41.744048,1,2,12
GeneralDiscussion,1,,ID_6BX7O9,ID_6X8R3YDC,05:14:40.174351,1,3,5
GeneralDiscussion,1,,ID_ZLLY8Q,ID_6X8R3YDC,05:15:43.545176,1,3,5
GeneralDiscussion,1,,ID_T5Q78T,ID_1WGRZC2U,07:30:01.224902,1,2,9
ID_JPR9,1,,ID_QLFSF8,ID_JLJ94A4W,14:05:27.146267,1,1,23
ID_NKJR,1,,ID_ZNYYW3,ID_0H5Q11YB,07:32:10.493731,1,2,9
GeneralDiscussion,1,,ID_F1VPVE,ID_IGTDYBP5,17:39:09.450493,1,12,13
GeneralDiscussion,1,,ID_N2R95F,ID_N137MRMX,09:05:10.551764,1,1,25
ID_JPR9,0,,ID_DMIJQ0,ID_6CE13DNG,14:13:53.544520,1,1,23
GeneralDiscussion,1,,ID_3UWQ0B,ID_OO9781OU,06:15:55.719588,1,1,2
GeneralDiscussion,1,,ID_OHTPF7,ID_U1IXVL7P,06:59:12.958927,1,1,2
GeneralDiscussion,1,,ID_EI1HBM,ID_UVMKTYGE,08:27:57.701518,1,2,19
ID_BARV,0,,ID_2UEF7Q,ID_UVMKTYGE,11:08:44.368576,1,2,29
GeneralDiscussion,1,,ID_I1M5IL,ID_H33H0AR1,23:00:22.634670,1,1,13
ID_NKJR,1,,ID_TLY4J5,ID_O2C7RAHL,07:40:15.281417,1,2,9
ID_M7TY,1,,ID_J4PQCF,ID_FP0LDSVA,09:23:40.368649,1,1,25
ID_Y6FW,1,,ID_R4ZJMR,ID_YGXHBQA2,08:35:22.195738,1,2,15
GeneralDiscussion,1,,ID_83H5VR,ID_8A4VK0RQ,10:59:09.295241,1,3,3
GeneralDiscussion,1,,ID_IZPJWN,ID_VP0KPIW5,13:41:23.603127,1,11,2
ID_NKJR,1,,ID_UHWGIV,ID_MF809NZZ,07:47:30.438637,1,2,9
GeneralDiscussion,1,,ID_OGMCK5,ID_GFBGUHD0,07:47:53.410963,1,2,9
ID_NKJR,1,,ID_L50G28,ID_YQGUTTQY,07:54:44.597026,1,2,9
GeneralDiscussion,0,,ID_W92L2Y,ID_DYIFQU92,11:22:47.620665,1,1,13
ID_X2AS,1,,ID_NXOL8G,ID_8KPMIXJC,06:05:20.135541,1,3,5
GeneralDiscussion,0,5.0,ID_3GQXD1,ID_4AQJTDBD,11:04:43.485040,1,11,12
ID_56O8,1,,ID_ZGEWPJ,ID_L2PGZUFF,20:27:14.071130,1,11,22
GeneralDiscussion,0,,ID_93Y174,ID_J1AO9J7T,20:40:00.898579,1,11,22
GeneralDiscussion,1,,ID_RH6163,ID_HBPSHX1L,08:01:55.896727,1,1,2
GeneralDiscussion,1,,ID_6RMHHZ,ID_HBPSHX1L,07:58:34.904803,1,1,2
GeneralDiscussion,1,,ID_55QKEJ,ID_SDM016TM,15:35:52.332891,1,1,12
ID_KHED,0,,ID_BOSR46,ID_SDM016TM,16:03:21.138410,1,1,12
GeneralDiscussion,1,,ID_21XPVM,ID_AMWYX433,20:30:36.479358,1,11,22
GeneralDiscussion,1,,ID_KJ0TTR,ID_X7P0W5VA,17:24:19.001233,1,12,10
ID_NKJR,1,,ID_QXX0G7,ID_HV115OT3,08:01:21.602216,1,2,9
ID_56O8,1,,ID_N83T45,ID_V1Z8V0Z1,20:31:19.455668,1,11,22
GeneralDiscussion,1,,ID_A4SGKT,ID_K6KFS6XB,20:35:31.830143,1,11,22
GeneralDiscussion,1,,ID_WYH4L0,ID_FTMX7GO5,20:29:05.524140,1,2,1
GeneralDiscussion,1,,ID_VUOGLR,ID_UOVVH45A,08:06:50.081272,1,2,19
GeneralDiscussion,1,,ID_N56Y9N,ID_PGXV72GC,20:46:25.141263,1,11,22
GeneralDiscussion,0,,ID_NJ4HXN,ID_PGXV72GC,20:47:36.346273,1,11,22
GeneralDiscussion,1,,ID_ZC9UV6,ID_CDTFNS6T,23:01:48.025139,1,1,30
GeneralDiscussion,1,,ID_QJDZI8,ID_ALXCBUA1,07:52:46.482228,1,11,19
GeneralDiscussion,1,,ID_1ZGYUL,ID_17U2PG2S,07:14:25.954984,1,3,5
ID_9QGT,0,1.0,ID_8OUROK,ID_8EZYO7DB,21:14:05.534972,1,2,22
GeneralDiscussion,1,,ID_CHXZWM,ID_8EZYO7DB,23:54:38.925772,1,2,22
ID_56O8,1,,ID_DDK5VM,ID_WXCPT9UG,21:34:07.724648,1,11,22
GeneralDiscussion,1,,ID_L5IN2W,ID_OQHD54LS,00:33:41.445487,1,1,23
ID_CNBR,0,,ID_8AQHS1,ID_991Q2E6I,09:18:13.147883,1,1,2
GeneralDiscussion,1,,ID_ANOITC,ID_WGJIMI5K,09:44:59.646759,1,2,17
ID_WWZ3,1,,ID_HXYC1L,ID_1K2PC8R9,17:30:40.094039,1,4,12
ID_56O8,1,,ID_Y9W63Y,ID_2SVIATVP,22:06:42.517485,1,11,22
ID_HCST,1,,ID_N1M40F,ID_IKT5XU1D,09:12:20.531781,1,4,19
GeneralDiscussion,1,,ID_22NLIB,ID_GOWAV2JR,22:19:01.666520,1,11,22
ID_X2AS,1,,ID_NI14R9,ID_Z3JY7E16,07:30:53.647391,1,3,5
GeneralDiscussion,1,,ID_KH1HGI,ID_RAO7ABPO,22:38:41.462761,1,11,22
GeneralDiscussion,1,,ID_14RO1N,ID_YBUGVQXJ,09:46:40.228962,1,1,2
ID_Y6FW,1,,ID_WI64TA,ID_2WOR6ANJ,13:20:45.266944,1,2,15
GeneralDiscussion,1,,ID_FI60W2,ID_RPVO6E6H,18:23:44.112135,1,2,3
GeneralDiscussion,1,,ID_7WI2WT,ID_PTJQFP4S,17:12:11.886094,1,12,8
GeneralDiscussion,0,,ID_T79YBY,ID_I3MUZ42R,00:24:37.300864,1,11,23
ID_56O8,1,,ID_OEEKPL,ID_1VOCSTPD,00:28:44.841271,1,11,23
GeneralDiscussion,1,,ID_RJX90V,ID_DUC7U2MA,10:55:47.841717,1,2,17
ID_56O8,1,,ID_HIXZIT,ID_WVKGB0NX,22:41:00.407870,1,11,22
ID_J883,1,,ID_4BND9K,ID_DTVUBZQ2,21:59:03.682631,1,2,4
GeneralDiscussion,1,,ID_CI69E1,ID_8PWW3XXK,12:34:47.273780,1,1,28
GeneralDiscussion,1,,ID_C64C5V,ID_WNCGDE11,19:15:18.964669,1,2,31
GeneralDiscussion,1,,ID_JBBC0A,ID_UVBVOWKI,23:38:08.616595,1,12,13
GeneralDiscussion,1,,ID_BRYNB8,ID_ELQDU9BZ,15:39:43.443633,1,1,29
ID_JPR9,1,,ID_NQPNYL,ID_KDUJHMK0,17:50:38.464941,1,1,23
GeneralDiscussion,1,,ID_71NVR5,ID_J56NTG7M,23:34:14.315235,1,3,28
GeneralDiscussion,1,,ID_HCRCK4,ID_FNVTZ3Q9,04:22:53.221517,1,1,23
ID_X2AS,1,,ID_VU85LR,ID_ISRFUSD4,20:37:29.609319,1,2,24
ID_56O8,1,,ID_5R2LHZ,ID_0QDVQAJS,03:45:53.148755,1,11,23
GeneralDiscussion,1,,ID_ZNYNTR,ID_QS8O71J6,11:58:33.239239,1,1,14
GeneralDiscussion,1,,ID_AKFY1O,ID_BLUV5BMD,06:42:11.681989,1,4,5
ID_HCST,1,,ID_GU7DJA,ID_BLUV5BMD,06:37:17.339243,1,4,5
GeneralDiscussion,1,,ID_TLQJE0,ID_BMAHD6XZ,22:38:17.403987,1,12,6
ID_56O8,1,,ID_J3GVPC,ID_QDUVSABU,20:25:55.589357,1,11,22
GeneralDiscussion,1,,ID_PTMGYV,ID_RN608C8B,11:02:44.187750,1,3,27
GeneralDiscussion,1,,ID_8TZYSV,ID_6IMOBVSO,11:42:13.296252,1,1,2
GeneralDiscussion,1,,ID_GR5ECZ,ID_0EGTTSG0,06:13:04.382395,1,1,9
GeneralDiscussion,1,,ID_CV0V1W,ID_5AFJKU9S,12:40:26.748475,1,1,2
ID_X2AS,1,,ID_HGYK61,ID_DTDR2WQT,09:13:29.234154,1,3,8
GeneralDiscussion,1,,ID_0PN49N,ID_UZS4225F,15:00:52.480041,1,2,29
ID_WOVD,1,,ID_IJ5UYS,ID_HCTFLZ7M,10:02:45.829121,1,2,9
GeneralDiscussion,1,,ID_CU3YL0,ID_976UY1FK,22:35:05.779210,1,2,4
ID_X2AS,1,,ID_U7D925,ID_5B4XCRBL,09:21:16.012395,1,2,30
GeneralDiscussion,1,,ID_5UFGZU,ID_C1QPH4XZ,18:59:18.490307,1,4,12
GeneralDiscussion,0,5.0,ID_9TQKKW,ID_AOLZ66IW,06:37:08.684719,1,11,28
ID_M7TY,0,,ID_ZVAXXI,ID_JGZZ54MC,14:03:25.153361,1,1,2
GeneralDiscussion,1,,ID_4LF9E6,ID_OLXOER2I,13:50:47.654060,1,2,6
ID_WZ0H,1,,ID_L1JRNB,ID_JZGBIVDJ,19:20:02.453238,1,4,15
GeneralDiscussion,1,,ID_KC2IAK,ID_JZGBIVDJ,22:59:21.933579,1,4,15
ID_X2AS,1,,ID_C48EIK,ID_7YQ8LPAV,13:53:03.452766,1,3,3
GeneralDiscussion,1,,ID_EMF8J5,ID_DY8ZN9TR,14:04:48.256507,1,3,3
ID_KHED,0,,ID_DA4MM5,ID_E4G29GX6,15:24:12.202597,1,1,2
ID_6E1C,1,,ID_WGPBNU,ID_9CUS0SW6,00:42:29.054254,1,1,23
ID_X2AS,1,,ID_RV2WYT,ID_80HXYGBX,14:37:02.422621,1,3,3
ID_P9B6,0,5.0,ID_BN9PJD,ID_XNA94SMB,09:16:44.374878,1,11,19
ID_WOVD,1,,ID_PJK3AA,ID_NL71W1JC,10:03:40.318423,1,2,9
GeneralDiscussion,1,,ID_XR8YEU,ID_7PAR9QFT,23:02:05.782742,1,1,30
GeneralDiscussion,1,,ID_5OM6OE,ID_P3EKXLCV,12:11:03.701333,1,2,28
GeneralDiscussion,1,,ID_TA637H,ID_2QNY9BQF,04:46:53.477170,1,1,11
ID_J883,0,,ID_VYX4LI,ID_2QNY9BQF,04:43:08.189403,1,1,11
ID_X2AS,1,,ID_HT7DJ9,ID_9PUZQQKM,15:30:35.692176,1,3,3
ID_UILN,1,,ID_PBXT5H,ID_2CDVUS2P,17:58:53.319352,1,2,16
GeneralDiscussion,1,,ID_MLW8N4,ID_BORYSL9P,21:04:32.262515,1,1,21
ID_KHED,0,1.0,ID_1LJPDK,ID_AN606RDW,23:28:55.575923,1,1,1
GeneralDiscussion,1,,ID_1L6Q0P,ID_JT57LYTF,08:47:31.465153,1,1,6
ID_KHED,0,1.0,ID_WK625R,ID_61J7NLCP,15:23:47.569599,1,1,13
GeneralDiscussion,1,,ID_X0E23Z,ID_QTMAH1WL,21:03:37.868951,1,12,16
GeneralDiscussion,1,,ID_EGM4K9,ID_VXYFCAXH,09:48:04.683034,1,3,8
GeneralDiscussion,0,4.0,ID_RVCTSL,ID_UC25CUS9,16:05:05.934895,1,1,13
ID_WOVD,1,,ID_HJ2878,ID_O8S0WON3,10:46:48.903188,1,2,9
GeneralDiscussion,1,,ID_UDHIBK,ID_CSVXPNM8,16:14:36.836773,1,3,3
GeneralDiscussion,1,,ID_NIHIZA,ID_OA5EMF4U,09:06:14.272654,1,12,20
GeneralDiscussion,1,,ID_OUWQRA,ID_KW3DOC0B,14:27:21.586714,1,2,6
GeneralDiscussion,1,,ID_YXBMWF,ID_ZFLD3667,09:35:10.848817,1,12,20
GeneralDiscussion,1,,ID_ZZUILN,ID_ISUQLILK,09:35:23.323819,1,12,20
GeneralDiscussion,1,,ID_5EFKFF,ID_GRAFC8TD,05:42:46.363674,1,4,5
GeneralDiscussion,1,,ID_FYQ9QY,ID_KIIE5NYO,06:02:42.502178,1,2,23
ID_JPR9,1,,ID_KWMRL3,ID_TEBQ4J6C,15:44:26.579589,1,1,23
ID_XA3H,0,,ID_YD6KN7,ID_5Y6ALBHA,19:44:35.151266,1,1,2
GeneralDiscussion,1,,ID_18EL2H,ID_5Y6ALBHA,19:45:14.574219,1,1,2
GeneralDiscussion,0,,ID_76AIKQ,ID_5Y6ALBHA,19:49:33.911331,1,1,2
GeneralDiscussion,1,,ID_OHMSFO,ID_21RRY4XB,16:58:05.161907,1,1,15
GeneralDiscussion,1,,ID_6C425R,ID_ZMSAF3LF,16:47:27.347362,1,3,3
ID_X2AS,1,,ID_PPCRRW,ID_E7CG1S34,10:21:54.551559,1,3,5
GeneralDiscussion,1,,ID_L2PL19,ID_9V93YJJZ,10:15:40.643030,1,2,29
ID_X2AS,1,,ID_3K8QM9,ID_DJPEBADY,17:46:00.921814,1,2,26
ID_X2AS,0,1.0,ID_NNDJMQ,ID_P4J5YMEC,04:50:45.925347,1,2,30
GeneralDiscussion,1,,ID_V12A98,ID_DK7QEL1O,07:18:46.297654,1,1,16
GeneralDiscussion,1,,ID_V2Z9KJ,ID_DK7QEL1O,09:34:35.847766,1,1,16
GeneralDiscussion,1,,ID_2ECQOS,ID_MYE1HV32,11:21:34.977634,1,3,5
GeneralDiscussion,1,,ID_A2VV99,ID_SUGSSG1E,13:21:21.910349,1,2,30
GeneralDiscussion,1,,ID_NSA63Y,ID_ENQ05UQC,10:52:09.749270,1,1,6
GeneralDiscussion,1,,ID_4OE6E3,ID_KA4YKLTB,10:59:17.896827,1,12,27
GeneralDiscussion,1,,ID_2B8FC4,ID_UQF4R50Y,11:01:47.944725,1,12,27
GeneralDiscussion,1,,ID_3914MM,ID_QJDLSCUH,11:06:59.470111,1,12,27
GeneralDiscussion,1,,ID_P0ZSCA,ID_WJWI5JI6,11:31:30.569663,1,12,27
ID_X2AS,1,,ID_Z7YRDD,ID_GX178SC6,10:14:06.647015,1,2,29
GeneralDiscussion,1,,ID_HLZIDT,ID_M6BNOD25,18:58:42.184918,1,1,15
GeneralDiscussion,1,,ID_66SP8W,ID_ZMPJNFU4,14:23:28.894473,1,12,31
GeneralDiscussion,1,,ID_EVEOTD,ID_4W3VVSGS,09:28:41.975334,1,12,27
ID_KHED,0,,ID_T8236U,ID_PCSHO7B0,10:49:22.261423,1,1,9
GeneralDiscussion,1,,ID_TB08U9,ID_PCSHO7B0,10:55:41.054505,1,1,9
GeneralDiscussion,1,,ID_7S8EI0,ID_25VOK5MA,09:41:15.491295,1,12,27
ID_NKJR,1,,ID_UHGKEQ,ID_IDAS9KE7,07:00:52.417679,1,2,9
GeneralDiscussion,1,,ID_1XLEBV,ID_GIUATN38,10:21:59.863291,1,2,2
GeneralDiscussion,1,,ID_PP9Z38,ID_GIUATN38,12:02:52.552915,1,2,2
GeneralDiscussion,1,,ID_Q6ZT44,ID_VRPGNMNL,18:02:40.452200,1,1,13
GeneralDiscussion,1,,ID_TMDGV6,ID_DYKTGBGP,01:13:55.890417,1,1,3
GeneralDiscussion,1,,ID_WKN1GV,ID_MDD9S9N0,13:30:57.694855,1,1,6
GeneralDiscussion,1,,ID_76J586,ID_8TB130CU,13:06:23.843477,1,1,11
ID_BXIL,1,,ID_27TIE5,ID_LCIYC2ZM,02:06:33.351964,1,2,4
ID_NKJR,1,,ID_1E8IIZ,ID_9LNDRABQ,07:55:53.457708,1,2,9
GeneralDiscussion,1,,ID_UDJL3S,ID_N2WN1N72,22:56:34.711662,1,1,29
ID_NKJR,1,,ID_OI5PDV,ID_ZRJ5JK0Z,06:49:25.500711,1,2,9
ID_X2AS,0,1.0,ID_CRH7EE,ID_JD39HMKN,18:10:33.179364,1,3,3
ID_X2AS,1,,ID_UQ5TWO,ID_JD39HMKN,15:53:41.233510,1,2,31
ID_KHED,0,1.0,ID_NWSNSS,ID_0M2QONO7,20:08:37.176102,1,1,27
ID_WOVD,1,,ID_DVMQWB,ID_BX6XS73L,10:16:55.186149,1,2,9
GeneralDiscussion,0,2.0,ID_0T0YEB,ID_V3VE12VJ,09:28:40.590175,1,2,19
GeneralDiscussion,1,,ID_8NFRMO,ID_0V7NS15F,09:48:59.091321,1,2,19
GeneralDiscussion,1,,ID_FYOH8A,ID_SGP1171N,16:30:03.210981,1,2,28
GeneralDiscussion,1,,ID_X0PNJI,ID_UPRAV7F7,14:33:32.361851,1,2,30
GeneralDiscussion,1,,ID_GNWBCP,ID_VQHSFU16,15:25:05.029948,1,2,24
GeneralDiscussion,1,,ID_T78KOY,ID_34BUMDFE,20:17:36.212889,1,4,19
GeneralDiscussion,1,,ID_XDAU4Z,ID_3ZUV2WYA,07:49:21.797508,1,2,23
GeneralDiscussion,1,,ID_LL1QDU,ID_CCTBWBUH,01:19:14.227511,1,2,25
ID_X2AS,1,,ID_BEYPH3,ID_LRWFNLEJ,21:00:53.814238,1,2,23
GeneralDiscussion,1,,ID_I3HDNE,ID_LRWFNLEJ,21:39:55.068403,1,2,23
GeneralDiscussion,1,,ID_NMONWO,ID_WZY3SYFT,15:26:15.220359,1,2,6
ID_X2AS,1,,ID_C6S29J,ID_ZKKOMXW0,14:34:14.386209,1,2,22
GeneralDiscussion,1,,ID_GJNYJM,ID_XRR3G18H,12:49:08.291185,1,2,11
GeneralDiscussion,1,,ID_77W2ZA,ID_RXO9CS1L,02:14:42.193574,1,2,25
GeneralDiscussion,1,,ID_VG3ZL7,ID_GJSNPPX5,13:02:27.293896,1,3,5
ID_X2AS,0,,ID_NDNA2U,ID_GJSNPPX5,18:28:11.397834,1,3,5
GeneralDiscussion,1,,ID_LEBEU1,ID_F5LOJAN4,19:41:22.293922,1,2,10
GeneralDiscussion,1,,ID_VMAW54,ID_2VXOM7YE,15:14:37.606486,1,2,22
GeneralDiscussion,1,,ID_XAYOSU,ID_LY5V84OF,16:57:44.617765,1,2,9
ID_X2AS,1,,ID_5EDF3J,ID_UZWU1LLM,23:26:12.582296,1,2,26
ID_BARV,1,,ID_KSPAIM,ID_NS6Z74BM,06:29:02.954234,1,2,21
ID_UILN,1,,ID_QNSCLW,ID_4NHTQSJQ,11:59:29.963669,1,2,16
ID_9TS1,1,,ID_EPEHLR,ID_MNKFW1PO,10:04:26.554130,1,2,13
GeneralDiscussion,1,,ID_1MTD2T,ID_W9CZ7289,10:02:41.250259,1,2,13
GeneralDiscussion,1,,ID_5Q5DFT,ID_3HONDF95,07:11:17.941291,1,3,25
GeneralDiscussion,1,,ID_S0SSTB,ID_M0JDZEQM,16:00:30.595927,1,2,19
GeneralDiscussion,1,,ID_2HM5AS,ID_PP01X6RA,11:55:24.012940,1,3,11
ID_X2AS,1,,ID_X0UIZY,ID_8GBCF3FF,14:27:38.833156,1,3,3
GeneralDiscussion,1,,ID_DKLYIB,ID_QOKFXJBE,22:13:38.134709,1,3,3
GeneralDiscussion,1,,ID_NHZBNX,ID_0DPVDTLH,17:44:19.338229,1,2,16
GeneralDiscussion,1,,ID_XK8QCB,ID_YA5WBAS4,15:19:07.844622,1,2,19
ID_PDKH,1,,ID_6AEJES,ID_K1UUP2B2,08:51:33.587943,1,2,23
ID_UILN,1,,ID_B46VBR,ID_OFBSYHFT,17:57:33.178713,1,2,16
ID_BARV,0,,ID_VUZU5W,ID_DDTJF3BB,02:56:47.535028,1,2,17
ID_LSIO,0,,ID_DTJZ7X,ID_7MS4SQJD,14:38:07.326508,1,2,20
GeneralDiscussion,1,,ID_TE3V8J,ID_NM0SY1AA,22:34:59.067752,1,3,3
GeneralDiscussion,1,,ID_X4VAQF,ID_V3TFL8R9,12:39:48.408237,1,4,6
GeneralDiscussion,1,,ID_UF3N71,ID_NX2ELYZG,19:46:34.778690,1,3,24
GeneralDiscussion,1,,ID_9NDXH6,ID_5968A6QG,17:12:42.998752,1,3,31
GeneralDiscussion,1,,ID_USRHLR,ID_V5ME571T,15:48:59.010075,1,4,4
GeneralDiscussion,0,,ID_NFBBMX,ID_DP2JPY6O,14:12:16.368799,1,3,5
GeneralDiscussion,1,,ID_5H7GIJ,ID_DP2JPY6O,15:21:10.954856,1,3,5
GeneralDiscussion,0,,ID_L7K64G,ID_COEQSI3S,09:51:21.351761,1,2,23
GeneralDiscussion,1,,ID_MNTA59,ID_Q37ZBQQ0,19:36:25.338837,1,2,28
GeneralDiscussion,0,,ID_5PWG0O,ID_HEEHXNH9,15:34:18.773433,1,3,15
ID_PDKH,1,,ID_1TX398,ID_J3L9ZUT6,15:40:26.190550,1,2,29
ID_PDKH,0,3.0,ID_LSX0MV,ID_V1E0T8SX,14:38:27.811127,1,3,7
ID_X2AS,0,,ID_5WVAGS,ID_D5I1GWLU,06:29:55.166850,1,2,25
GeneralDiscussion,1,,ID_SD2TG5,ID_5U0LZPRJ,16:15:27.807383,1,2,29
GeneralDiscussion,1,,ID_V4QBYM,ID_L8PQ9YRR,09:25:06.396139,1,3,9
GeneralDiscussion,1,,ID_GZP263,ID_9HQGMXAQ,08:01:55.102047,1,2,27
GeneralDiscussion,1,,ID_EP215S,ID_I9FP2J93,22:33:34.614288,1,2,28
GeneralDiscussion,1,,ID_X4QTT4,ID_W8RIGFMY,09:19:46.525308,1,2,27
GeneralDiscussion,1,,ID_UPYUBY,ID_MEX5UOTE,18:34:10.244058,1,3,7
GeneralDiscussion,1,,ID_SGL6V1,ID_ZOL38JZF,00:37:42.337619,1,2,29
GeneralDiscussion,1,,ID_UWQ3WQ,ID_7X9RAE62,13:50:03.568967,1,3,25
GeneralDiscussion,0,,ID_LWH0QU,ID_WVBA4KVJ,18:25:04.440142,1,3,1
GeneralDiscussion,1,,ID_TQDTOK,ID_YBPRT22Z,03:51:00.931129,1,3,4
ID_X2AS,1,,ID_JJ21WE,ID_F6G4PKB1,17:20:17.440000,1,3,7
GeneralDiscussion,0,,ID_LYQ6RA,ID_1U59CYRB,03:57:01.305980,1,3,10
GeneralDiscussion,1,,ID_7R3RYL,ID_AWVG4855,18:26:49.260302,1,3,5
GeneralDiscussion,1,,ID_SFJ7FJ,ID_DVH6YLEN,17:56:16.044558,1,3,25
GeneralDiscussion,1,,ID_R408FP,ID_REO6QCTG,18:29:42.357203,1,3,5
GeneralDiscussion,1,,ID_UF43CB,ID_C51329TQ,22:46:35.316369,1,3,15
ID_LSIO,1,,ID_OR16UO,ID_C51329TQ,23:18:21.665683,1,3,15
GeneralDiscussion,1,,ID_61IH9U,ID_K2M5WW4V,18:35:09.422175,1,3,17
ID_WZ0H,1,,ID_I7VC4T,ID_TL722BGF,09:09:07.045079,1,4,16
GeneralDiscussion,1,,ID_4WKKDE,ID_G0WGWEU9,19:44:20.719965,1,3,13
GeneralDiscussion,1,,ID_9M1N07,ID_F637222F,11:13:03.684945,1,4,20
GeneralDiscussion,1,,ID_5S5AUP,ID_W7XH8MTX,02:46:32.526651,1,3,29
GeneralDiscussion,1,,ID_N2NU2T,ID_ED8SPMFX,03:23:30.178446,1,3,23
GeneralDiscussion,1,,ID_960KNM,ID_0TD2K7VV,10:11:04.131376,1,4,16
ID_M7TY,0,3.0,ID_J5IASR,ID_R7WXMZ7I,17:40:14.006176,1,1,5
ID_HCST,1,,ID_8Q8LJJ,ID_6WFBO49L,16:18:42.357376,1,3,23
GeneralDiscussion,1,,ID_93LEXV,ID_CF3I4GSJ,11:50:57.964075,1,4,14
